titleJapanese,titleEnglish,genre,CEFR,japanese,english,hiragana
ポケモン,Pokemon,culture,A1,ポケモンは、とても人気があります。ポケモンは「ポケットモンスター」のことです。たくさんのかわいいキャラクターがいます。たとえば、ピカチュウやイーブイ、リザードンなどです。ポケモンはゲームやアニメ、カードゲームで楽しめます。ゲームでは、プレイヤーがポケモントレーナーになります。ポケモンをつかまえたり、たたかったりします。アニメでは、主人公のサトシがピカチュウといっしょに冒険します。こどももおとなもポケモンが大好きです。ポケモンセンターというお店もあります。そこでは、ポケモングッズを買えます。ポケモンは日本だけでなく、世界中で人気があります。,"Pokemon is very popular. Pokemon means “pocket monsters”. There are many cute characters. For example, Pikachu, Eevee, and Charizard. Pokemon can be enjoyed in games, animations, and card games. In the game, players become Pokémon Trainers. They catch Pokémon and fight them. In the animated series, the main character Ash goes on adventures with Pikachu. Both children and adults love Pokemon. There is also a store called the Pokemon Center. There, you can buy Pokemon goods. Pokemon are popular not only in Japan but also all over the world.",ぽけもんは、とてもにんきがあります。ぽけもんは「ぽけっともんすたー」のことです。たくさんのかわいいきゃらくたーがいます。たとえば、ぴかちゅうやいーぶい、りざーどんなどです。ぽけもんはげーむやあにめ、かーどげーむでたのしめます。げーむでは、ぷれいやーがぽけもんとれーなーになります。ぽけもんをつかまえたり、たたかったりします。あにめでは、しゅじんこうのさとしがぴかちゅうといっしょにぼうけんします。こどももおとなもぽけもんがだいすきです。ぽけもんせんたーというおみせもあります。そこでは、ぽけもんぐっずをかえます。ぽけもんはにっぽんだけでなく、せかいじゅうでにんきがあります。
ホテル,The Hotel,dialogue,A1,お客さんはフロントに歩いて行きました。ホテルのフロントスタッフがにこやかにあいさつしました。いらっしゃいませ。チェックインですか？はい、そうです。予約しています。田中です。お客さんはカウンターに近づきながら答えました。ありがとうございます。少々お待ちください。スタッフはパソコンを操作し始めました。田中様ですね。予約を確認しました。シングルルームで、2泊ですね。はい、そうです。では、こちらにお名前を書いてください。スタッフは紙とペンを渡しました。お客さんは名前を書きながら聞きました。朝ごはんはついていますか？はい、朝食は1階のレストランで、7時から10時までご利用いただけます。分かりました。ありがとうございます。こちらがルームキーです。お部屋は5階の503号室です。エレベーターはあちらです。スタッフはフロントの右側を指差しました。ありがとうございます。あと、おすすめのレストランはありますか？はい、近くに美味しいラーメン屋さんがありますよ。地図をお渡ししますね。スタッフは笑顔で地図を取り出しました。助かります！じゃあ、行ってみます。お客さんはうれしそうに答えました。どうぞ、ごゆっくりお過ごしください。スタッフはお辞儀をしました。はい、ありがとう！お客さんは荷物を持ってエレベーターに向かいました。,"The guest walked to the front desk. The hotel's front desk staff greeted him smilingly. Welcome. Are you checking in? Yes, I am. I have a reservation. My name is Tanaka. The customer answered as he approached the counter. Thank you very much. Please wait a moment. The staff began to operate the computer. You must be Mister Tanaka. I have confirmed your reservation. It is a single room for two nights, isn't it? Yes, that's right. Then, please write your name here. The staff handed a piece of paper and a pen. The guest asked as he wrote his name. Is breakfast included? Yes, breakfast is served at the restaurant on the first floor from 7:00 to 10:00. Understood. Thank you very much. Here is your room key. Your room is on the 5th floor, room 503. The elevator is that way. The staff pointed to the right side of the front desk. Thank you very much. Also, do you have any restaurant recommendations? Yes, there is a good ramen restaurant nearby. I will give you a map. The staff took out a map with a smile. That's very helpful! Well, I'll go there. The customer replied happily. Please enjoy your stay. The staff bowed. Yes, thank you! The customer took his luggage and headed for the elevator.",おきゃくさんはふろんとにあるいていきました。ほてるのふろんとすたっふがにこやかにあいさつしました。いらっしゃいませ。ちぇっくいんですか？はい、そうです。よやくしています。たなかです。おきゃくさんはかうんたーにちかづきながらこたえました。ありがとうございます。しょうしょうおまちください。すたっふはぱそこんをそうさしはじめました。たなかさまですね。よやくをかくにんしました。しんぐるるーむで、2はくですね。はい、そうです。では、こちらにおなまえをかいてください。すたっふはかみとぺんをわたしました。おきゃくさんはなまえをかきながらききました。あさごはんはついていますか？はい、ちょうしょくは1かいのれすとらんで、7じから10じまでごりよういただけます。わかりました。ありがとうございます。こちらがるーむきーです。おへやは5かいの503ごうしつです。えれべーたーはあちらです。すたっふはふろんとのみぎがわをゆびさしました。ありがとうございます。あと、おすすめのれすとらんはありますか？はい、ちかくにおいしいらーめんやさんがありますよ。ちずをおわたししますね。すたっふはえがおでちずをとりだしました。たすかります！じゃあ、おこなってみます。おきゃくさんはうれしそうにこたえました。どうぞ、ごゆっくりおすごしください。すたっふはおじぎをしました。はい、ありがとう！おきゃくさんはにもつをもってえれべーたーにむかいました。
すし,Sushi,food,A1,すしは、日本の有名な食べものです。ごはんとさかなをつかいます。ごはんにすし酢をいれて、さっぱりした味にします。さしみのような生のさかなをのせます。すしは、たくさんのしゅるいがあります。たとえば、にぎりずし、まきずし、ちらしずしなどです。まきずしは、ごはんとさかなをのりでまきます。にぎりずしは、ごはんの上にさかなをのせます。すしは、しょうゆやわさびといっしょに食べます。すしやさんで食べることもできますし、スーパーでも買えます。外国の人にも人気があります。,"Sushi is a famous Japanese food. It is made of rice and fish. Sushi vinegar is added to the rice to give it a refreshing taste. Raw fish, like sashimi, is placed on top. There are many types of sushi. For example, nigirizushi, makizushi, and chirashizushi. In makizushi, rice and fish are rolled in nori (seaweed). In nigirizushi, the fish is placed on top of the rice. Sushi is eaten with soy sauce and wasabi. You can eat it at sushi restaurants or buy it at supermarkets. It is also popular among foreigners.",すしは、にっぽんのゆうめいなたべものです。ごはんとさかなをつかいます。ごはんにすしすをいれて、さっぱりしたあじにします。さしみのようななまのさかなをのせます。すしは、たくさんのしゅるいがあります。たとえば、にぎりずし、まきずし、ちらしずしなどです。まきずしは、ごはんとさかなをのりでまきます。にぎりずしは、ごはんのうえにさかなをのせます。すしは、しょうゆやわさびといっしょにたべます。すしやさんでたべることもできますし、すーぱーでもかえます。がいこくのひとにもにんきがあります。
メトロポリス,Metropolis,science fiction,A1,むかしむかし、未来の大きな都市がありました。この都市はとてもすごいです。上の方にはお金持ちの人が住んでいます。下の方には、たくさんの働く人たちが住んでいます。働く人たちは毎日、きつい仕事をしています。でも、お金持ちの人たちは楽しい生活をしています。ある日、都市のリーダーの息子、フレーダーという男の子が、働く人たちの場所を見に行きました。そこでマリアという女の人に会いました。マリアは働く人たちを助けたいと思っています。フレーダーはマリアのことが好きになりました。そして、フレーダーも働く人たちを助けたいと思いました。でも、リーダーはフレーダーとマリアが友達になることをきらいました。そこで、リーダーは科学者を呼びました。科学者はロボットを作ります。このロボットはマリアにそっくりです。でも、このロボットは悪いロボットです。ロボットは働く人たちをだまそうとします。ロボットのせいで、都市は大きな問題になります。みんながけんかをします。でも、最後にフレーダーとマリアはみんなを助けます。そして、お金持ちの人と働く人たちは少しずつ友達になります。,"Once upon a time, there was a big futuristic city. This city is very amazing. Rich people live in the upper part of the city. On the bottom, there are many working people. They work hard every day. But the rich people are enjoying their lives. One day, a boy named Fleder, the son of the city leader, went to see where the workers lived. There he met a woman named Maria. Maria wants to help the workers. Fleder became fond of Maria. And Fleder also wanted to help the workers. But the leader did not want Fleder and Maria to become friends. So, the leader called a scientist. The scientist made a robot. This robot looks just like Maria. But it is a bad robot. The robot tries to deceive the workers. Because of the robot, the city is in big trouble. Everyone fights with each other. But in the end, Fleder and Maria save everyone. And little by little, the rich man and the workers become friends.",むかしむかし、みらいのおおきなとしがありました。このとしはとてもすごいです。うえのほうにはおかねもちのひとがすんでいます。したのほうには、たくさんのはたらくひとたちがすんでいます。はたらくひとたちはまいにち、きついしごとをしています。でも、おかねもちのひとたちはたのしいせいかつをしています。あるひ、としのりーだーのむすこ、ふれーだーというおとこのこが、はたらくひとたちのばしょをみにいきました。そこでまりあというおんなのひとにあいました。まりあははたらくひとたちをたすけたいとおもっています。ふれーだーはまりあのことがすきになりました。そして、ふれーだーもはたらくひとたちをたすけたいとおもいました。でも、りーだーはふれーだーとまりあがともだちになることをきらいました。そこで、りーだーはかがくしゃをよびました。かがくしゃはろぼっとをつくります。このろぼっとはまりあにそっくりです。でも、このろぼっとはわるいろぼっとです。ろぼっとははたらくひとたちをだまそうとします。ろぼっとのせいで、としはおおきなもんだいになります。みんながけんかをします。でも、さいごにふれーだーとまりあはみんなをたすけます。そして、おかねもちのひととはたらくひとたちはすこしずつともだちになります。
おきなわ,Okinawa,travel,A1,おきなわは、日本の南にあるしまです。海がとてもきれいで、青いです。おきなわの天気はあたたかくて、旅行に人気があります。おきなわには、ゆうめいな料理があります。たとえば、ゴーヤチャンプルーやソーキそばがあります。おきなわのおさけ「泡盛」もあります。おきなわでは、伝統的な音楽や踊りが楽しめます。「エイサー」という踊りがとくに有名です。おきなわの文化は、日本本土と少しちがって、おもしろいです。たくさんの人がおきなわに行って、海や文化を楽しみます。,"Okinawa is a group of islands located in the south of Japan. The ocean is very beautiful and blue. The weather in Okinawa is warm and popular for travel. Okinawan cuisine is very famous. For example, there are Goya Chanpuru and Soki Soba. There is also “awamori,” Okinawan sake. Traditional music and dance can be enjoyed in Okinawa. The “eisa” dance is especially famous. Okinawan culture is interesting and slightly different from that of mainland Japan. Many people go to Okinawa to enjoy the sea and the culture.",おきなわは、にっぽんのみなみにあるしまです。うみがとてもきれいで、あおいです。おきなわのてんきはあたたかくて、りょこうににんきがあります。おきなわには、ゆうめいなりょうりがあります。たとえば、ごーやちゃんぷるーやそーきそばがあります。おきなわのおさけ「あわもり」もあります。おきなわでは、でんとうてきなおんがくやおどりがたのしめます。「えいさー」というおどりがとくにゆうめいです。おきなわのぶんかは、にっぽんほんどとすこしちがって、おもしろいです。たくさんのひとがおきなわにいって、うみやぶんかをたのしみます。
ラーメン,Ramen,food,A1,ラーメンは日本の人気な食べ物です。スープと麺で作られています。スープには、しょうゆ、みそ、しお、とんこつなど、いろいろな味があります。トッピングは、チャーシュー、ねぎ、たまご、のり、もやしなどがあります。ラーメンは日本のどこでも食べられます。有名なラーメンの町は、福岡、札幌、そして東京です。福岡では「とんこつラーメン」が人気です。札幌では「みそラーメン」が有名です。ラーメンは早くて安い食べ物です。たくさんの人がラーメンを好きです。あなたも日本でラーメンを食べてみてください！,"Ramen is a popular Japanese food. It is made of soup and noodles. The soup comes in a variety of flavors, including soy sauce, miso, shio, and tonkotsu (pork bone). Toppings include chashu pork, green onions, eggs, nori (seaweed), and bean sprouts. Ramen can be found anywhere in Japan. The most famous ramen cities are Fukuoka, Sapporo, and Tokyo. In Fukuoka, tonkotsu ramen is popular. Sapporo is famous for its miso ramen. Ramen is a fast and inexpensive food. Many people love ramen. You should try ramen in Japan!",らーめんはにっぽんのにんきなたべものです。すーぷとめんでつくられています。すーぷには、しょうゆ、みそ、しお、とんこつなど、いろいろなあじがあります。とっぴんぐは、ちゃーしゅー、ねぎ、たまご、のり、もやしなどがあります。らーめんはにっぽんのどこでもたべられます。ゆうめいならーめんのまちは、ふくおか、さっぽろ、そしてとうきょうです。ふくおかでは「とんこつらーめん」がにんきです。さっぽろでは「みそらーめん」がゆうめいです。らーめんははやくてやすいたべものです。たくさんのひとがらーめんをすきです。あなたもにっぽんでらーめんをたべてみてください！
ゼルダの伝説,The Legend of Zelda,culture,A2,ゼルダの伝説は、とても人気があるゲームシリーズです。このゲームは、主人公のリンクが世界を救う物語です。リンクは、剣や盾を使って、モンスターと戦います。そして、さまざまなダンジョンを冒険します。ゲームの中には、ゼルダ姫というキャラクターがいます。ゼルダ姫は、たいていリンクといっしょにガノンドロフという悪者と戦います。ガノンドロフは、世界を支配しようとします。ゼルダの伝説は、ファンタジーの世界が舞台です。たとえば、ハイラルという王国や、森や砂漠、海などが出てきます。プレイヤーは、パズルを解いたり、新しいアイテムを集めたりして、ゲームを進めます。このシリーズは、三十年以上続いていて、世界中にファンがいます。「ブレス オブ ザ ワイルド」など、新しいゲームもとても人気があります。,"The Legend of Zelda is a very popular video game series. The game tells the story of the main character, Link, who saves the world. Link fights monsters with his sword and shield. He also adventures in various dungeons. In the game, there is a character named Princess Zelda. Princess Zelda usually fights together with Link against a bad guy named Ganondorf. Ganondorf wants to rule the world. The Legend of Zelda is set in a fantasy world. For example, there is a kingdom called Hyrule, forests, deserts, and oceans. Players progress through the game by solving puzzles and collecting new items. The series has been running for more than 30 years and has fans all over the world. Newer games, such as “Breath of the Wild,” are also very popular.",ぜるだのでんせつは、とてもにんきがあるげーむしりーずです。このげーむは、しゅじんこうのりんくがせかいをすくうものがたりです。りんくは、けんやたてをつかって、もんすたーとたたかいます。そして、さまざまなだんじょんをぼうけんします。げーむのなかには、ぜるだひめというきゃらくたーがいます。ぜるだひめは、たいていりんくといっしょにがのんどろふというわるものとたたかいます。がのんどろふは、せかいをしはいしようとします。ぜるだのでんせつは、ふぁんたじーのせかいがぶたいです。たとえば、はいらるというおうこくや、もりやさばく、うみなどがでてきます。ぷれいやーは、ぱずるをといたり、あたらしいあいてむをあつめたりして、げーむをすすめます。このしりーずは、さんじゅうねんいじょうつづいていて、せかいじゅうにふぁんがいます。「ぶれすおぶざわいるど」など、あたらしいげーむもとてもにんきがあります。
レストラン,The Restaurant,dialogue,A2,お客さんはレストランの入り口に歩いて行きました。店員が笑顔で迎えました。いらっしゃいませ。お一人ですか？いいえ、二人です。お客さんは指で2を作りながら答えました。かしこまりました。こちらへどうぞ。店員はテーブルまで案内しました。お客さんが椅子に座ると、店員がメニューを渡しました。こちらがメニューです。おすすめは季節限定の天ぷら定食です。ありがとうございます。少し考えます。お客さんはメニューを見ながら答えました。数分後、店員が戻ってきました。ご注文はお決まりですか？はい、天ぷら定食を一つと、焼き魚定食を一つお願いします。それと、お茶を二つください。かしこまりました。少々お待ちください。店員は注文を確認し、キッチンへ向かいました。しばらくして、料理が運ばれてきました。お待たせしました。天ぷら定食と焼き魚定食です。お茶もどうぞ。店員はテーブルに料理を並べました。お客さんは料理を見てうれしそうに言いました。美味しそう！いただきます。食事が終わった後、お客さんは店員を呼びました。すみません、お会計をお願いします。かしこまりました。お会計は2500円です。店員は伝票を持ってきました。お客さんは財布を取り出し、3000円を渡しました。お釣りは500円です。ありがとうございました。またお越しください。店員はお辞儀をしました。お客さんは笑顔で答えました。ごちそうさまでした。とても美味しかったです。また来ます！,"A customer walked to the entrance of a restaurant. The waiter greeted him with a smile. Welcome. Are you alone? No, there are two of us. The customer replied, making two with his fingers. Yes, of course. Please come this way. The waiter led him to the table. The customer sat down on a chair and the waiter handed him a menu. Here is the menu. We recommend the seasonal tempura set meal. Thank you very much. I will think about it for a while. The customer replied while looking at the menu. A few minutes later, the waiter returned. Have you decided what you want to order? Yes, I would like one tempura set meal and one grilled fish set meal, please. And two cups of tea, please. Yes, sir. Please wait a moment. The waiter confirmed the order and went to the kitchen. A few moments later, the food arrived. Thank you for waiting. Here are the tempura set meal and the grilled fish set meal. Please also have some tea. The waiter placed the dishes on the table. The customer looked at the dishes and said happily. Looks delicious! Let's eat. After finishing the meal, the customer called the waiter. Excuse me, can I have the bill, please? Yes, of course. The bill is 2,500 yen. The waiter brought the slip. The customer takes out his wallet and hands over 3,000 yen. The change is 500 yen. Thank you very much. Please come again. The clerk bowed. The customer replied with a smile. Thank you for the food. It was very delicious. I will come again!",おきゃくさんはれすとらんのいりくちにあるいていきました。てんいんがえがおでむかえました。いらっしゃいませ。おいちにんですか？いいえ、ににんです。おきゃくさんはゆびで2をつくりながらこたえました。かしこまりました。こちらへどうぞ。てんいんはてーぶるまであんないしました。おきゃくさんがいすにすわると、てんいんがめにゅーをわたしました。こちらがめにゅーです。おすすめはきせつげんていのてんぷらていしょくです。ありがとうございます。すこしかんがえます。おきゃくさんはめにゅーをみながらこたえました。すうふんご、てんいんがもどってきました。ごちゅうもんはおきまりですか？はい、てんぷらていしょくをひとつと、やきざかなていしょくをひとつおねがいします。それと、おちゃをふたつください。かしこまりました。しょうしょうおまちください。てんいんはちゅうもんをかくにんし、きっちんへむかいました。しばらくして、りょうりがはこばれてきました。おまたせしました。てんぷらていしょくとやきざかなていしょくです。おちゃもどうぞ。てんいんはてーぶるにりょうりをならべました。おきゃくさんはりょうりをみてうれしそうにいいました。おいしそう！いただきます。しょくじがおわったのち、おきゃくさんはてんいんをよびました。すみません、おかいけいをおねがいします。かしこまりました。おかいけいは2500えんです。てんいんはでんぴょうをもってきました。おきゃくさんはさいふをとりだし、3000えんをわたしました。おつりは500えんです。ありがとうございました。またおこしください。てんいんはおじぎをしました。おきゃくさんはえがおでこたえました。ごちそうさまでした。とてもおいしかったです。またきます！
千と千尋の神隠し,Spirited Away,fantasy,A2,ある日、十歳の女の子、千尋とその家族が車で引っ越しの途中でした。道に迷って、古いトンネルを見つけます。「ちょっと見てみよう」とお父さんが言って、みんなでトンネルを通ります。すると、トンネルの先には不思議な町が広がっていました。町には誰もいません。でも、食べ物がたくさんあります。お父さんとお母さんは「おいしそうだ」と言って食べ始めます。でも、千尋は「なんだか変だな」と思って、食べません。その時、お父さんとお母さんが豚に変わってしまいました！千尋はびっくりして、どうしていいか分かりません。その時、ハクという少年が現れます。「早くここから逃げて」と言います。でも、千尋はもう帰れません。この町は神様たちの世界で、人間は出ることができないのです。ハクは千尋に「湯婆婆という魔女の旅館で働きなさい」と教えます。千尋は「働かせてください」とお願いして、旅館で働くことになりました。旅館の中には、優しい人も怖い人もいます。でも、千尋は一生懸命働きます。そして、少しずつ強くなります。ハクは千尋を守りながら、彼自身も自分の名前を思い出します。最後に、千尋は湯婆婆から試験を受けます。「豚になった両親を当ててみろ」と言われます。千尋は自信を持って「この豚たちは両親じゃありません」と答えます。そして正解！千尋は両親を元に戻してもらい、無事に人間の世界に帰ります。千尋は怖い思いをしましたが、とても成長しました。この冒険は彼女の心を強くしたのです。,"One day, a ten-year-old girl, Chihiro, and her family were on their way to move by car. They get lost and find an old tunnel. “Let's take a look,” her father said, and they all went through the tunnel. They then find a mysterious town at the end of the tunnel. The town is empty. But there's a lot of food. The father and mother say, “Looks delicious” and start eating. But Chihiro thinks something is wrong and doesn't eat. At that moment, the father and mother turn into pigs! Chihiro is startled and does not know what to do. Then a boy named Haku appears. He says, “Hurry up and get out of here!” But Chihiro can't go home. This town is the world of the gods, and humans are not allowed to leave. Haku tells Chihiro that she must work at the inn of a witch named Yubaba. Chihiro asks, “Please let me work,” and she ends up working at the inn. Inside the inn, there are both kind and scary people. But Chihiro works hard. And little by little, she becomes stronger. Haku protects Chihiro while he himself remembers his own name. Finally, Chihiro is tested by Yubaba. She is asked to guess her parents among pigs. Chihiro confidently answers, “These pigs are not my parents”. And she answers correctly! Chihiro's parents are restored and she returns safely to the human world. Chihiro was scared, but she grew up a lot. This adventure strengthened her heart.",あるひ、じゅうさいのおんなのこ、ちひろとそのかぞくがくるまでひっこしのとちゅうでした。みちにまよって、ふるいとんねるをみつけます。「ちょっとみてみよう」とおとうさんがいって、みんなでとんねるをとおります。すると、とんねるのさきにはふしぎなまちがひろがっていました。まちにはだれもいません。でも、たべものがたくさんあります。おとうさんとおかあさんは「おいしそうだ」といってたべはじめます。でも、ちひろは「なんだかへんだな」とおもって、たべません。そのとき、おとうさんとおかあさんがぶたにかわってしまいました！ちひろはびっくりして、どうしていいかわかりません。そのとき、はくというしょうねんがあらわれます。「はやくここからにげて」といいます。でも、ちひろはもうかえれません。このまちはかみさまたちのせかいで、にんげんはでることができないのです。はくはちひろに「ゆばばばばというまじょのりょかんではたらきなさい」とおしえます。ちひろは「はたらかせてください」とおねがいして、りょかんではたらくことになりました。りょかんのなかには、やさしいひともこわいひともいます。でも、ちひろはいっしょうけんめいはたらきます。そして、すこしずつつよくなります。はくはちひろをまもりながら、かれじしんもじぶんのなまえをおもいだします。さいごに、ちひろはゆばばばばからしけんをうけます。「ぶたになったりょうしんをあててみろ」といわれます。ちひろはじしんをもって「このぶたたちはりょうしんじゃありません」とこたえます。そしてせいかい！ちひろはりょうしんをもとにもどしてもらい、ぶじににんげんのせかいにかえります。ちひろはこわいおもいをしましたが、とてもせいちょうしました。このぼうけんはかのじょのこころをつよくしたのです。
そば,Soba,food,A2,そばは、日本の伝統的な料理です。そばは、そば粉で作られためんです。とても細くて、茶色っぽい色をしています。そばは、健康にいい食べものとして有名です。そばの食べ方は、いろいろあります。たとえば、「ざるそば」は、冷たいそばをそばつゆにつけて食べます。一方で、「かけそば」は、あたたかいスープといっしょに食べます。てんぷらそばや山菜そばも人気があります。そばは、お正月にも食べられます。「年越しそば」といって、長いめんを食べることで、長生きや幸運を願います。そばやさんで食べることもできますし、スーパーでゆでそばを買うこともできます。そばは、シンプルだけど、とてもおいしい料理です。,"Soba is a traditional Japanese dish. Soba is a noodle made from buckwheat flour. It is very thin and brownish in color. Buckwheat is famous for its health benefits. There are many ways to eat soba. For example, “zarusoba” is cold buckwheat noodles dipped in soba-tsuyu (buckwheat sauce). Kake-soba, on the other hand, is eaten with warm soup. Tempura soba and soba with wild vegetables are also popular. Soba is also eaten during the New Year's holiday. It is called “New Year's Eve Soba,” and people wish for long life and good luck by eating long noodles. You can eat soba at soba restaurants or buy boiled soba at supermarkets. Soba is a simple but very tasty dish.",そばは、にっぽんのでんとうてきなりょうりです。そばは、そばこでつくられためんです。とてもほそくて、ちゃいろっぽいいろをしています。そばは、けんこうにいいたべものとしてゆうめいです。そばのたべかたは、いろいろあります。たとえば、「ざるそば」は、つめたいそばをそばつゆにつけてたべます。いっぽうで、「かけそば」は、あたたかいすーぷといっしょにたべます。てんぷらそばやさんさいそばもにんきがあります。そばは、おしょうがつにもたべられます。「としこしそば」といって、ながいめんをたべることで、ながいきやこううんをねがいます。そばやさんでたべることもできますし、すーぱーでゆでそばをかうこともできます。そばは、しんぷるだけど、とてもおいしいりょうりです。
日本の政党,Political Parties in Japan,politics,A2,日本には、いくつかの政党があります。政治は国をよくするために大切です。たとえば、自民党、立憲民主党、維新の会、共産党などがあります。自民党は日本で一番大きい政党です。今の首相、岸田文雄さんも自民党です。自民党は経済をよくしたいと思っています。立憲民主党は、国民の生活を守りたいと思っています。みんなが安心してくらせる国を目指しています。維新の会は、大阪で人気があります。この党は、政府をもっと小さくして、税金を減らしたいです。共産党は、みんなが平等になる社会を作りたいと思っています。学校や病院をよくすることを考えています。それぞれの政党は、ちがう考えを持っています。選挙のとき、国民は自分の意見に近い政党を選びます。,"There are several political parties in Japan. Politics is important to improve the country. For example, there are the Liberal Democratic Party, the Constitutional Democratic Party, the Restoration Association, and the Communist Party. The LDP is the largest political party in Japan. The current prime minister, Fumio Kishida, is also a member of the LDP. The LDP wants to improve the economy. The Constitutional Democratic Party of Japan (DPJ) wants to protect the lives of the people. We aim to create a country where everyone can live in peace. The Restoration Association is popular in Osaka. This party wants to make the government smaller and reduce taxes. The Communist Party wants to create a society where everyone is equal. It wants to improve schools and hospitals. Each political party has different ideas. In elections, people choose the party that is closest to their own views.",にっぽんには、いくつかのせいとうがあります。せいじはくにをよくするためにたいせつです。たとえば、じみんとう、りっけんみんしゅとう、いしんのかい、きょうさんとうなどがあります。じみんとうはにっぽんでいちばんおおきいせいとうです。いまのしゅしょう、きしだふみおさんもじみんとうです。じみんとうはけいざいをよくしたいとおもっています。りっけんみんしゅとうは、こくみんのせいかつをまもりたいとおもっています。みんながあんしんしてくらせるくにをめざしています。いしんのかいは、おおさかでにんきがあります。このとうは、せいふをもっとちいさくして、ぜいきんをへらしたいです。きょうさんとうは、みんながびょうどうになるしゃかいをつくりたいとおもっています。がっこうやびょういんをよくすることをかんがえています。それぞれのせいとうは、ちがうかんがえをもっています。せんきょのとき、こくみんはじぶんのいけんにちかいせいとうをえらびます。
東京,Tokyo,travel,A2,東京は日本の首都で、とても大きな都市です。たくさんの人が住んでいて、毎日とてもにぎやかです。東京には高いビルや広い公園、たくさんのお店があります。例えば、新宿や渋谷、浅草など、いろいろな場所があります。東京には観光するところがたくさんあります。浅草の浅草寺は有名で、毎日多くの観光客が訪れます。また、原宿ではかわいい服やアクセサリーを買うことができます。おしゃれなカフェも多いです。東京の電車はとても便利です。山手線や地下鉄を使えば、どこにでも簡単に行けます。週末には東京タワーやスカイツリーに行って、夜景を見るのがおすすめです。東京は楽しい場所がたくさんあり、美味しい食べ物もたくさんあります。ぜひ、一度東京を訪れてみてください！,"Tokyo is the capital of Japan and a very large city. There are many people living here and it is very lively every day. Tokyo has tall buildings, large parks, and many stores. For example, Shinjuku, Shibuya, Asakusa, and many other places. There are many places to go sightseeing in Tokyo. Senso-ji Temple in Asakusa is famous and attracts many tourists every day. You can also buy cute clothes and accessories in Harajuku. There are also many fashionable cafes. Trains in Tokyo are very convenient. Using the Yamanote Line or subway, you can easily get anywhere. On weekends, I recommend going to Tokyo Tower or Sky Tree to see the night view. Tokyo has many fun places to visit and delicious food. We hope you will visit Tokyo!",とうきょうはにっぽんのしゅとで、とてもおおきなとしです。たくさんのひとがすんでいて、まいにちとてもにぎやかです。とうきょうにはたかいびるやひろいこうえん、たくさんのおみせがあります。たとえば、しんじゅくやしぶや、あさくさなど、いろいろなばしょがあります。とうきょうにはかんこうするところがたくさんあります。あさくさのせんそうじはゆうめいで、まいにちおおくのかんこうきゃくがおとずれます。また、はらじゅくではかわいいふくやあくせさりーをかうことができます。おしゃれなかふぇもおおいです。とうきょうのでんしゃはとてもべんりです。やまてせんやちかてつをつかえば、どこにでもかんたんにいけます。しゅうまつにはとうきょうたわーやすかいつりーにいって、やけいをみるのがおすすめです。とうきょうはたのしいばしょがたくさんあり、おいしいたべものもたくさんあります。ぜひ、いちどとうきょうをおとずれてみてください！
姫路,Himeji,travel,A2,姫路市は、日本の兵庫県にある美しい町です。この町は、有名な「姫路城」で知られています。姫路城は、日本で一番美しいお城の一つです。白い壁がとてもきれいなので、「白鷺城」とも呼ばれています。1993年には、ユネスコの世界遺産に登録されました。お城の中を見学することができます。広い庭や高い天守からの景色は、とてもすばらしいです。春には、たくさんの桜の花が咲き、お花見を楽しむ人でにぎわいます。姫路では、歴史だけでなく、美味しい食べ物も楽しめます。「姫路おでん」は、この地域の名物料理です。しょうが醤油をかけて食べるおでんは、とてもおいしいです。姫路は、新幹線でも行くことができるので、とても便利です。姫路に行ったら、ぜひお城や町を歩いてみてください。楽しい思い出がたくさん作れるでしょう！,"Himeji City is a beautiful town located in Hyogo Prefecture, Japan. This town is known for the famous Himeji Castle. Himeji Castle is one of the most beautiful castles in Japan. It is also called “White Heron Castle” because of its beautiful white walls. In 1993, it was registered as a UNESCO World Heritage Site. Visitors can tour the inside of the castle. The view from the large garden and the high castle tower is wonderful. In spring, many cherry blossoms bloom, and the castle is crowded with people enjoying cherry blossom viewing. In Himeji, you can enjoy not only history but also delicious food. “Himeji Oden” is a specialty of the area. It is a delicious dish served with ginger and soy sauce. Himeji is also conveniently accessible by the Shinkansen bullet train. When you visit Himeji, please take a walk around the castle and the town. You will make many happy memories!",ひめじしは、にっぽんのひょうごけんにあるうつくしいまちです。このまちは、ゆうめいな「ひめじじょう」でしられています。ひめじじょうは、にっぽんでいちばんうつくしいおしろのひとつです。しろいかべがとてもきれいなので、「しらさぎじょう（しらさぎじょう）」ともよばれています。1993ねんには、ゆねすこのせかいいさんにとうろくされました。おしろのなかをけんがくすることができます。ひろいにわやたかいてんしゅからのけしきは、とてもすばらしいです。はるには、たくさんのさくらのはながさき、おはなみをたのしむひとでにぎわいます。ひめじでは、れきしだけでなく、おいしいたべものもたのしめます。「ひめじおでん」は、このちいきのめいぶつりょうりです。しょうがしょうゆをかけてたべるおでんは、とてもおいしいです。ひめじは、しんかんせんでもいくことができるので、とてもべんりです。ひめじにいったら、ぜひおしろやまちをあるいてみてください。たのしいおもいでがたくさんつくれるでしょう！
空港,The Airport,dialogue,B1,お客さんは空港のチェックインカウンターに向かいました。カウンターにはスタッフが立っていて、にこやかに挨拶しました。いらっしゃいませ。本日どちらまでですか？東京まで行きます。お客さんはスーツケースをカウンターの前に置きながら答えました。かしこまりました。パスポートとチケットをお預かりできますか？はい、どうぞ。お客さんはバッグからパスポートとeチケットの画面を見せました。スタッフはパソコンで情報を確認し始めました。田中様ですね。荷物はお一つでよろしいですか？はい、これだけです。手荷物もありますが、これは持ち込みます。お客さんは肩にかけたバッグを軽く持ち上げて見せました。ありがとうございます。それでは、スーツケースをこちらのベルトに置いてください。重量を確認します。お客さんはスーツケースをベルトに乗せました。スタッフは画面を見ながら言いました。20キロちょうどですね。問題ありません。では、こちらが搭乗券です。ゲートは23番、搭乗開始は10時30分です。分かりました。ありがとうございます。保安検査場はどこですか？このカウンターを左に曲がって、まっすぐ進むと右側にあります。案内板にも書いてありますのでご確認ください。お客さんは頷いてから質問しました。すみません、一つ聞きたいのですが、この空港にカフェはありますか？はい、保安検査場を通過した後、出発ロビーに数カ所ありますよ。特に23番ゲートの近くにあるカフェはおすすめです。コーヒーやサンドイッチが美味しいです。分かりました。教えていただきありがとうございます。お客さんは微笑んで答えました。スタッフも笑顔で返しました。良いご旅行を。お客さんはスーツケースを引きながら保安検査場の方へ向かいました。,"A customer went to a check-in counter at an airport. A staff member was standing at the counter and greeted him smilingly. Welcome, sir. Where are you flying to today? I'm going to Tokyo. The customer replied as he placed his suitcase in front of the counter. Yes, sir. May I take your passport and ticket? Yes, please. The customer showed his passport and e-ticket screen from his bag. The staff began to check the information on the computer. You must be Mister Tanaka, right? Do you have only one piece of luggage? Yes, this is all I have. I also have hand luggage, which I will bring in. The customer lightly lifted the bag on his shoulder and showed it. Thank you very much. Now, please place your suitcase on the belt here. I will check the weight. The customer puts the suitcase on the belt. The staff looked at the screen and said: It weighs exactly 20 kilograms. No problem. Here is your boarding pass. Gate 23, boarding starts at 10:30. Okay, I understand. Thank you very much. Where is the security checkpoint? Turn left at this counter and go straight to the right. Please check the information board. The customer nodded and then asked a question. Excuse me, I have one question, is there a cafe in this airport? Yes, there are several in the departure lobby after passing through the security checkpoint. I especially recommend the cafe near gate 23. They have good coffee and sandwiches. Understood. Thank you for telling me. The customer replied with a smile. The staff smiled back. Have a nice trip. The customer headed toward the security checkpoint with his suitcase in tow.",
私たちを形作る小さな選択,The Small Choices That Shape Us,dialogue,B1,夕方、母と息子がリビングでお茶を飲みながら話していました。窓の外では秋の風が葉っぱを揺らし、穏やかな雰囲気が漂っています。息子がテーブルに置いたコーヒーカップを見ながら口を開きました。お母さん、なんでいつも緑茶なの？コーヒー飲むのもたまにはいいんじゃない？母は笑いながら答えました。昔はコーヒーもよく飲んでたのよ。でもね、ある日気づいたの。緑茶を飲んでると、気持ちが落ち着くのよね。歳をとると、そういう小さな心地よさが大事に思えてくるのよ。心地よさ、か…。なんか、それって大人っぽい考え方だね。俺はまだ、「これが好き」とか「これが楽しい」っていう気持ちに引っ張られてるかな。それでいいのよ。若いうちは、そうやって色々試して、自分に合うものを探す時期だから。でも、その中で気づいたら、日常の中の些細なことが一番大事になってくるの。例えば、朝起きてカーテンを開ける瞬間とかね。息子は少し考え込んだ様子で言いました。そういうの、まだあんまり感じないな。でも確かに、たまにあるよ。学校帰りに空がめっちゃ綺麗だったり、友達と話してて何でもないことで笑ったりするときに、「これって結構幸せなのかも」って思うこと。母は頷きました。そう、その瞬間が大事なのよ。毎日が特別じゃなくても、その小さな瞬間が積み重なって、人生になるの。でもさ、俺たちって大きな選択もするじゃん？進学とか、就職とか。そういうのが人生を決めるって思ってたけど、小さいことも同じくらい大事なんだね。そうよ。大きな選択ももちろん重要だけど、結局それをどう過ごすかは、小さな選択の積み重ねなの。だからこそ、一杯のお茶を楽しむ時間だって、意味があるのよ。息子は緑茶を一口飲んでみました。あ、意外と美味しいかも。次は、コーヒーじゃなくてこれでもいいかな。母は微笑みました。ほらね、小さな選択が人生を少しずつ変えていくのよ。二人は窓の外を眺めながら、静かにお茶を飲み続けました。,"In the evening, a mother and her son were talking over a cup of tea in the living room. Outside the window, an autumn breeze was shaking the leaves, creating a peaceful atmosphere. The son opened his mouth as he looked at the coffee cup on the table. Mom, why do you always drink green tea? Isn't it good to drink coffee once in a while? His mother replied with a laugh. I used to drink coffee a lot in the past. But one day I realized something. Drinking green tea makes me feel more at ease. As you get older, those little comforts become more important. Comfort, huh? That's a very mature way of thinking. I still think I love this or This is fun! That's fine. When you are young, it's a time to experiment and find what works for you. But then you realize that it's the little things in your daily life that matter the most. For example, the moment you wake up in the morning and open the curtains. The son looked a little thoughtful. I don't feel that kind of thing yet. But it certainly happens sometimes. When the sky is so beautiful on the way home from school, or when you are talking with your friends and laughing over nothing, you think, Maybe I'm pretty happy. The mother nodded her head. Yes, those moments are important. Every day may not be special, but those small moments add up and become life. But you know, we all make big choices, don't we? Going to school, getting a job, and so on. I thought those are the things that define our lives, but the small things are just as important. That's right. Big choices are important, of course, but in the end, it is the accumulation of small choices that determines how we spend our lives. That's why even the time you spend enjoying a cup of tea has meaning. The son took a sip of the green tea. Ah, it tastes surprisingly good. Next time, I think I'll have this instead of coffee. His mother smiled. You see, small choices can change your life little by little. They continued to drink their tea in silence, looking out the window.",
太陽系,The Solar System,science,B1,太陽系は、私たちが住む地球を含む、太陽を中心とした惑星や天体の集まりです。太陽は太陽系の中心にある巨大な恒星で、全ての惑星は太陽の重力によってその周りを回っています。この動きを「公転」と言います。太陽系には、8つの惑星があります。内側の4つの惑星、水星、金星、地球、火星は「地球型惑星」と呼ばれ、岩でできています。一方、外側の4つの惑星、木星、土星、天王星、海王星は「木星型惑星」と呼ばれ、主にガスでできています。これらの惑星は太陽から遠いため、とても寒いです。さらに、太陽系には小惑星や彗星、そして冥王星のような「準惑星」もあります。小惑星帯は、火星と木星の間にあり、たくさんの小さな天体が集まっています。彗星は、氷や岩でできた天体で、太陽に近づくと尾を引くように見えるのが特徴です。太陽系はとても広大で、私たちがすべてを理解するのはまだまだ時間がかかりそうです。それでも、宇宙探査機や天文学の研究のおかげで、少しずつその謎が明らかになってきています。太陽系について学ぶことは、宇宙全体を理解する第一歩と言えるでしょう。,"The solar system is a group of planets and celestial bodies centered on the Sun, including our own planet Earth. The Sun is the giant fixed star at the center of the solar system, and all the planets revolve around it due to the Sun's gravity. This movement is called “orbit. There are eight planets in our solar system. The inner four planets, Mercury, Venus, Earth, and Mars, are called “terrestrial planets” and are made of rock. The four outer planets, Jupiter, Saturn, Uranus, and Neptune, on the other hand, are called “Jupiter-type planets” and are mainly made of gas. These planets are very cold because they are far from the sun. In addition, there are asteroids, comets, and “quasi-planets” like Pluto in our solar system. The asteroid belt is located between Mars and Jupiter and is a collection of many small bodies. Comets are celestial bodies made of ice and rock, and are characterized by the fact that they appear to have a tail as they approach the Sun. The solar system is so vast that it will be some time before we understand it all. Nevertheless, thanks to space probes and astronomical research, the mysteries are slowly being revealed. Learning about the solar system is the first step toward understanding the universe as a whole.",たいようけいは、わたしたちがすむちきゅうをふくむ、たいようをちゅうしんとしたわくせいやてんたいのあつまりです。たいようはたいようけいのちゅうしんにあるきょだいなこうせいで、すべてのわくせいはたいようのじゅうりょくによってそのまわりをまわっています。このうごきを「こうてん」といいます。たいようけいには、8つのわくせいがあります。うちがわの4つのわくせい、すいせい、かなぼし、ちきゅう、かせいは「ちきゅうがたわくせい」とよばれ、いわでできています。いっぽう、そとがわの4つのわくせい、もくせい、どせい、てんおうせい、かいおうせいは「もくせいがたわくせい」とよばれ、おもにがすでできています。これらのわくせいはたいようからとおいため、とてもさむいです。さらに、たいようけいにはしょうわくせいやすいせい、そしてめいおうせいのような「じゅんわくせい」もあります。しょうわくせいたいは、かせいともくせいのまにあり、たくさんのちいさなてんたいがあつまっています。すいせいは、こおりやいわでできたてんたいで、たいようにちかづくとおをひくようにみえるのがとくちょうです。たいようけいはとてもこうだいで、わたしたちがすべてをりかいするのはまだまだじかんがかかりそうです。それでも、うちゅうたんさきやてんもんがくのけんきゅうのおかげで、すこしずつそのなぞがあきらかになってきています。たいようけいについてまなぶことは、うちゅうぜんたいをりかいするだいいっぽといえるでしょう。
オスロ,Oslo,travel,B1,オスロは、ノルウェーの首都で、北欧らしい自然と文化が楽しめる都市です。この街はノルウェーの経済、政治、文化の中心であり、北欧の中でも人気のある観光地の一つです。オスロには、訪れるべき観光名所がたくさんあります。たとえば、オペラハウスは近代的な建物で、屋上に登って街やフィヨルドの景色を楽しむことができます。また、ヴィーゲラン彫刻公園では、グスタフ・ヴィーゲランによる二百以上の彫刻を見ることができ、自然の中でアートを満喫できます。さらに、オスロは自然が豊かで、街からすぐ近くにある森や湖でアウトドア活動を楽しめます。特に冬には、スキーやスノーボードが人気で、多くの地元の人々が楽しんでいます。一方で、夏にはハイキングやカヤックをする人が多いです。オスロの食文化も注目に値します。ノルウェーの伝統的な料理には、サーモンやニシンを使ったものが多く、地元のレストランで新鮮なシーフードを味わえます。また、コーヒー文化が盛んで、街にはおしゃれなカフェがたくさんあります。オスロは、北欧らしい魅力と都会的な雰囲気を併せ持つ街です。自然と文化を同時に楽しみたい人にとって、素晴らしい旅行先となるでしょう。,"Oslo is the capital of Norway, a city that offers nature and culture typical of Scandinavia. The city is the economic, political, and cultural center of Norway and one of the most popular tourist destinations in Scandinavia. Oslo has many tourist attractions to visit. For example, the Opera House is a modern building where visitors can climb to the roof to enjoy views of the city and the fjord. Also, at the Vigeland Sculpture Park, visitors can see more than 200 sculptures by Gustav Vigeland and enjoy art in a natural setting. Furthermore, Oslo is rich in nature, and visitors can enjoy outdoor activities in the forests and lakes just outside the city. In winter, skiing and snowboarding are especially popular and enjoyed by many locals. On the other hand, many people hike and kayak in the summer. Oslo's food culture is also worth noting. Many traditional Norwegian dishes include salmon and herring, and fresh seafood can be enjoyed at local restaurants. Coffee culture is also thriving, and there are many fashionable cafes in the city. Oslo is a city with both Scandinavian charm and an urban atmosphere. It is a wonderful destination for those who want to enjoy nature and culture at the same time.",おすろは、のるうぇーのしゅとで、ほくおうらしいしぜんとぶんかがたのしめるとしです。このまちはのるうぇーのけいざい、せいじ、ぶんかのちゅうしんであり、ほくおうのなかでもにんきのあるかんこうちのひとつです。おすろには、おとずれるべきかんこうめいしょがたくさんあります。たとえば、おぺらはうすはきんだいてきなたてもので、おくじょうにのぼってまちやふぃよるどのけしきをたのしむことができます。また、ヴぃーげらんちょうこくこうえんでは、ぐすたふ・ヴぃーげらんによるにひゃくいじょうのちょうこくをみることができ、しぜんのなかであーとをまんきつできます。さらに、おすろはしぜんがゆたかで、まちからすぐちかくにあるもりやみずうみであうとどあかつどうをたのしめます。とくにふゆには、すきーやすのーぼーどがにんきで、おおくのじもとのひとびとがたのしんでいます。いっぽうで、なつにははいきんぐやかやっくをするひとがおおいです。おすろのしょくぶんかもちゅうもくにあたいします。のるうぇーのでんとうてきなりょうりには、さーもんやにしんをつかったものがおおく、じもとのれすとらんでしんせんなしーふーどをあじわえます。また、こーひーぶんかがさかんで、まちにはおしゃれなかふぇがたくさんあります。おすろは、ほくおうらしいみりょくととかいてきなふんいきをあわせもつまちです。しぜんとぶんかをどうじにたのしみたいひとにとって、すばらしいりょこうさきとなるでしょう。
広島,Hiroshima,travel,B1,広島市は、日本の中国地方にある大きな都市で、平和と歴史を学ぶのにとても重要な場所です。この都市は、1945年に原爆が投下されたことで世界的に知られています。その悲劇を忘れないために、「平和記念公園」と「原爆ドーム」が作られました。原爆ドームは、戦争の恐ろしさと平和の大切さを伝える世界遺産として登録されています。平和記念公園では、平和記念資料館を訪れることができます。館内では、原爆の被害やその後の復興について学ぶことができます。また、毎年8月6日には「平和記念式典」が行われ、多くの人々が平和への祈りを捧げます。広島には、他にもたくさんの観光スポットがあります。例えば、「宮島」にある厳島神社はとても有名です。この神社の赤い大鳥居が海に浮かんでいる景色は、まるで絵のように美しいです。宮島では鹿に出会うこともできます。さらに、広島の名物料理「お好み焼き」もぜひ味わってください。他の地域のお好み焼きと比べて、広島のお好み焼きは麺が入っているのが特徴です。ボリュームがあり、とてもおいしいです。広島は、歴史を学びながら自然や文化も楽しめる魅力的な都市です。一度訪れると、忘れられない体験ができるでしょう。,"Hiroshima is a large city in the Chugoku region of Japan and a very important place for learning about peace and history. This city is known worldwide for the atomic bombing in 1945. To remember the tragedy, “Peace Memorial Park” and “Atomic Bomb Dome” were built. The Atomic Bomb Dome is registered as a World Heritage Site that conveys the horror of war and the importance of peace. In Peace Memorial Park, visitors can visit the Peace Memorial Museum. Inside the museum, visitors can learn about the damage caused by the atomic bomb and the subsequent reconstruction. Also, every year on August 6, the “Peace Memorial Ceremony” is held and many people offer prayers for peace. There are many other tourist attractions in Hiroshima. For example, Itsukushima Shrine on “Miyajima” is very famous. The view of the red Otorii (Grand Gate) of this shrine floating on the sea is as beautiful as a painting. You can also see deer on Miyajima. In addition, be sure to try Hiroshima's famous dish, okonomiyaki. Compared to okonomiyaki in other regions, Hiroshima's okonomiyaki is characterized by the inclusion of noodles. It is hearty and very tasty. Hiroshima is a fascinating city where you can enjoy nature and culture while learning about history. Once you visit, you will have an unforgettable experience.",
福岡,Fukuoka,travel,B1,福岡市は、九州地方で一番大きな都市で、日本だけでなくアジアからも多くの観光客が訪れる人気のある場所です。この都市は、歴史、自然、そして美味しい食べ物が楽しめることで有名です。まず、福岡は「太宰府天満宮」があることで知られています。この神社は学問の神様として知られる菅原道真を祀っており、多くの学生が合格祈願に訪れます。太宰府天満宮の参道では、「梅ヶ枝餅（うめがえもち）」という名物のお菓子を食べることができます。甘さ控えめでとても美味しいです。福岡市内では、「福岡タワー」や「大濠公園」などの観光スポットがあります。福岡タワーからは市内の景色や博多湾を見ることができ、夜景もとてもきれいです。大濠公園は緑が多く、散歩やジョギングにぴったりの場所です。福岡といえば、何といっても「屋台」が有名です。市内の川沿いや道路にはたくさんの屋台が並んでおり、ラーメン、焼き鳥、もつ鍋などの美味しい料理を楽しむことができます。特に「博多ラーメン」は福岡の名物で、濃厚な豚骨スープが特徴です。交通の便も良く、福岡空港は市内中心部から地下鉄でわずか10分という便利さです。そのため、国内外からのアクセスがとても簡単です。福岡は、歴史、自然、食文化が一度に楽しめる活気ある都市です。初めて九州を訪れるなら、ぜひ福岡を旅の目的地にしてみてください！,"Fukuoka City is the largest city in the Kyushu region and a popular destination for many tourists from Japan and Asia. This city is famous for its history, nature, and delicious food. First, Fukuoka is known for its Dazaifu Tenmangu Shrine. This shrine is dedicated to Sugawara Michizane, known as the god of learning, and many students visit to pray for success in their studies. On the approach to Dazaifu Tenmangu Shrine, visitors can eat a famous sweet called “Umegae mochi” (plum cake). It is very tasty and not too sweet. In Fukuoka City, there are many sightseeing spots such as “Fukuoka Tower” and “Ohori Park. From Fukuoka Tower, you can see the city and Hakata Bay, and the night view is very beautiful. Ohori Park has a lot of greenery and is a great place for strolling or jogging. Fukuoka is famous for its yatai, or food stalls. Many yatai stalls line the riverside and streets of the city, where you can enjoy delicious dishes such as ramen, yakitori, and motsunabe. Hakata Ramen” in particular is a specialty of Fukuoka, characterized by its rich pork bone soup. Transportation is also convenient, with Fukuoka Airport only a 10-minute subway ride from the city center. This makes it very easy to access from both Japan and overseas. Fukuoka is a vibrant city where you can enjoy history, nature, and food culture all at once. If you are visiting Kyushu for the first time, make Fukuoka your travel destination!",
三体,The Three-Body Problem,science fiction,B1,これはある日、中国で始まる不思議な物語です。文化大革命の混乱の中、若い女性科学者、葉文潔は、悲しい出来事によって人生が大きく変わります。彼女はある秘密のプロジェクト「紅岸基地」に関わることになります。この基地では宇宙との通信を研究していました。そしてある日、葉文潔は宇宙に向けてメッセージを送る方法を見つけます。それが、この物語の始まりでした。遠く離れた星「三体」の住人たちは、このメッセージを受け取ります。三体の星では、3つの太陽が不規則に動いていて、住民たちはいつも不安定な生活を送っています。彼らは新しい星を探し求めており、地球を次の住む場所にすることを決めます。そして、地球に「私たちが行く」という返信を送るのです。一方、地球では、葉文潔の行動をきっかけに「三体問題」に夢中になる人々が増えていきます。その中の一人、汪淼という科学者は、奇妙な出来事に巻き込まれます。彼はある日、何かが現実を壊そうとしているような感覚に囚われ、謎のゲーム「三体」に参加します。このゲームでは三体の星の歴史が仮想世界で再現されており、プレイヤーたちは三体星の謎を解こうと奮闘します。しかし、汪淼は次第に、これがただのゲームではなく、地球に迫る危機と深く関係していることに気付きます。三体の住人たちは、地球の科学技術を妨害する計画を進めています。彼らは地球人に味方するふりをしながら、背後で恐ろしい策略を練っているのです。汪淼と仲間たちはこの脅威に立ち向かおうとしますが、敵の技術と知恵は地球人をはるかに超えています。それでも、彼らはあきらめず、地球を守るために奮闘します。,"This is a magical story that begins one day in China. Amidst the turmoil of the Cultural Revolution, a sad event changes the life of a young female scientist, Ye Wenjie. She becomes involved in a secret project, the Red Bank Base. At this base, they were researching communication with outer space. Then one day, Ye Wenjie finds a way to send a message to the universe. That was the beginning of this story. The inhabitants of the distant star “Three Bodies” receive this message. On the planet Three Bodies, the three suns move erratically and the inhabitants are always unstable. They are looking for a new planet and decide to make Earth their next home. They then send a “we'll be there” reply to Earth. Meanwhile, on Earth, more and more people become obsessed with the “three-body problem” as a result of Ye Wenjie's actions. One of them, a scientist named Wang Miao, is involved in a strange event. One day, he gets the feeling that something is trying to destroy reality, and he joins a mysterious game called “Three Bodies”. The game recreates the history of three stars in a virtual world, and the players struggle to solve the mystery of the Three Bodies. However, Wang Miao gradually realizes that this is not just a game, but is deeply connected to the crisis on Earth. The inhabitants of the three bodies are pursuing a plan to sabotage Earth's science and technology. They pretend to be on Earth's side, but behind their backs they are devising a terrible plot. Wang Miao and his friends try to fight this threat, but the technology and wisdom of their enemies far surpasses that of the earthlings. Still, they do not give up and struggle to protect the Earth.",
居酒屋,The Izakaya,dialogue,B2,お客さんは仕事帰りに同僚と一緒に居酒屋に入りました。入口の暖簾をくぐると、店内は賑やかで、楽しそうな声が響いていました。店員がすぐに近づいてきて、笑顔で挨拶しました。いらっしゃいませ。何名様ですか？二人です。予約していませんが、大丈夫ですか？お客さんは周囲を見回しながら尋ねました。はい、大丈夫です。ちょうど空いているテーブルがありますので、こちらへどうぞ。店員は奥の方のテーブルへ案内しました。お客さんが席に着くと、店員がメニューを差し出しました。こちらがメニューです。お飲み物はどうされますか？本日のおすすめは、生ビールと梅酒ソーダ割りです。では、生ビールを二つお願いします。それから、少し食べ物も注文しますね。お客さんはメニューをじっくり見ながら言いました。店員が注文を取るためにメモを準備しました。かしこまりました。お食事はお決まりですか？はい、とりあえず、枝豆と唐揚げを。それから、焼き鳥の盛り合わせもお願いします。お客さんは指でメニューの写真を示しました。ありがとうございます。それでは、生ビール二つ、枝豆、唐揚げ、焼き鳥の盛り合わせですね。少々お待ちください。店員は確認してキッチンへ向かいました。数分後、生ビールと枝豆が運ばれてきました。お待たせしました。こちらが生ビールと枝豆です。唐揚げと焼き鳥はもう少々お待ちください。お客さんはグラスを持ち上げて同僚に言いました。じゃあ、乾杯しよう！今日はお疲れ様！乾杯！同僚も笑顔で応じました。その後、料理が次々と運ばれてきました。唐揚げと焼き鳥の盛り合わせです。熱いのでお気を付けください。店員がテーブルに料理を置きながら言いました。ありがとうございます。この唐揚げ、良い匂いですね。お客さんは嬉しそうに答えました。食事を楽しみながら会話が進み、最後にお客さんが店員を呼びました。すみません、お会計をお願いします。かしこまりました。お会計は合計で5600円になります。レジでお支払いください。お客さんと同僚は席を立ち、レジへ向かいました。美味しかったです。また来ますね。ありがとうございます！またのお越しをお待ちしております。店員は丁寧にお辞儀をしました。,"A customer entered an izakaya with a colleague after work. As they passed through the entrance curtain, the restaurant was bustling with activity and happy voices. The waiter immediately approached and greeted him with a smile. Welcome. How many people are there? Two people. We don't have a reservation, is that OK? The customer asked, looking around. Yes, that's fine. There is an empty table, please come this way. The waiter directed him to a table in the back. Once the customer was seated, the waiter presented him with a menu. Here is the menu. What would you like to drink? Today's recommendation is draft beer and plum wine with soda. Then, two draft beers, please. And I'll order some food as well. The customer said, looking at the menu carefully. The waiter prepares a note to take the order. Yes, sir. Have you decided what you would like to eat? Yes, for now, I would like edamame and fried chicken. I would also like the yakitori platter, please. The customer indicated a picture of the menu with his finger. Thank you very much. So, two draft beers, edamame, karaage, and the yakitori platter. Please wait a moment. The waiter confirmed the menu and went to the kitchen. A few minutes later, the draft beer and edamame arrived. Thank you for waiting. Here are the draft beer and edamame. Please wait a little longer for the fried chicken and yakitori. The customer lifted his glass and said to his colleague: Well then, let's have a toast! Thanks for your hard work today! Cheers! The colleague responded with a smile. After that, dishes were brought out one after another. Assorted fried chicken and yakitori. Please be careful, they are hot. The waiter said as he placed the dishes on the table. Thank you very much. This fried chicken smells good, doesn't it? The customer replied happily. The conversation proceeded as the customer enjoyed his meal, and finally the customer called the waiter. Excuse me, I would like to pay the bill, please. Yes, of course. The total bill is 5,600 yen. Please pay at the cash register. The customer and his colleague got up from their seats and went to the cash register. It was delicious. I will come back again. Thank you very much! We look forward to seeing you again. The waiter bowed politely.",
日米関係,Japan–United States Relations,history,B2,日米関係は、19世紀半ばの日本の開国に遡ることができます。1853年、アメリカ海軍のペリー提督が黒船を率いて日本に来航し、江戸幕府に開国を求めました。この交渉により、1854年に日米和親条約が締結され、日本は長い鎖国政策を終えることになりました。その後、両国の関係は商業や文化交流を通じて進展しましたが、20世紀初頭には緊張も高まりました。特に、アメリカ西海岸での日本人移民の増加により、人種差別や移民制限が問題となり、両国間に摩擦が生じました。第二次世界大戦は、日米関係における最大の転換点でした。1941年の真珠湾攻撃により、アメリカは日本に宣戦布告し、激しい戦争が始まりました。この戦争は1945年の日本の敗戦と共に終結しましたが、その後、アメリカは占領政策を通じて日本の復興と民主化を支援しました。憲法改正や経済改革が行われ、日米は新しい形の関係を築きました。戦後、日米同盟が形成され、両国は安全保障や経済分野で深い協力関係を持つようになりました。1951年にはサンフランシスコ講和条約と日米安全保障条約が締結され、日本は国際社会に復帰するとともに、アメリカとの同盟関係を強化しました。近年では、貿易摩擦や基地問題などの課題もありますが、日米は緊密なパートナーシップを維持し、アジア太平洋地域の平和と安定に重要な役割を果たしています。現在の両国関係は、経済、文化、安全保障など幅広い分野で発展しており、世界でも最も重要な二国間関係の一つとされています。このように、日米関係は時に緊張しつつも、協力を通じて発展を続けてきました。その歴史は、国際関係の複雑さと重要性を示す良い例と言えるでしょう。,"Japan-US relations can be traced back to the opening of Japan to the outside world in the mid-19th century. In 1853, Commodore Perry of the US Navy came to Japan with his black ships and asked the Edo shogunate to open the country to the outside world. These negotiations led to the conclusion of the Treaty of Amity between Japan and the United States in 1854, ending Japan's long policy of seclusion. Relations between the two countries subsequently developed through commercial and cultural exchanges, but tensions also increased in the early 20th century. In particular, the increase in Japanese immigration to the US West Coast led to racial discrimination and immigration restrictions, which caused friction between the two countries. World War II was the greatest turning point in US-Japan relations. With the attack on Pearl Harbor in 1941, the US declared war on Japan and a violent war began. The war ended with Japan's defeat in 1945, but the US subsequently supported Japan's reconstruction and democratization through its occupation policy. Constitutional reforms and economic reforms took place, and Japan and the US forged a new form of relationship. After the war, the US-Japan alliance was formed and the two countries began to cooperate deeply in security and economic fields. 1951 saw the signing of the San Francisco Peace Treaty and the US-Japan Security Treaty, which reintegrated Japan into the international community and strengthened its alliance with the United States. In recent years, despite challenges such as trade friction and base issues, Japan and the US have maintained a close partnership and played an important role in the peace and stability of the Asia-Pacific region. The relationship between the two countries today is considered one of the most important bilateral relationships in the world, with development in a wide range of areas including the economy, culture, and security. Thus, the US-Japan relationship, while sometimes strained, has continued to develop through cooperation. Its history is a good example of the complexity and importance of international relations.",
ナタリー・ウィン,Natalie Wynn,philosophy,B2,ナタリー・ウィンは、現代の哲学や社会問題について深く考えさせるコンテンツを制作する、アメリカ出身の動画クリエイターです。彼女は「ContraPoints」というYouTubeチャンネルを通じて、多くの人々に影響を与えています。ナタリーは、ジェンダー、政治、文化などの複雑なテーマを、ユーモアや視覚的な美しさを交えながらわかりやすく解説します。彼女の動画は、単なる教育的な内容にとどまりません。ナタリーは舞台のような美しいセットや独特な衣装を用いて、まるで一つの芸術作品のような動画を作ります。また、彼女自身のトランスジェンダーとしての経験をシェアし、多くの視聴者に勇気とインスピレーションを与えています。特に注目されるのは、彼女の批判的思考のアプローチです。彼女は自分の意見を主張するだけでなく、反対意見や異なる視点を取り上げ、それらを分析し、対話を重視します。このスタイルにより、ナタリーは左派的な視点を持つ人々だけでなく、さまざまな背景を持つ視聴者からも支持を得ています。しかし、彼女はインターネット上で多くの批判や攻撃にも直面しています。それでも、ナタリーは自分の声を届けることの重要性を信じ、引き続き創作活動を続けています。彼女の作品は、社会問題に対する新しい視点を提供し、現代社会の対話をより深める役割を果たしています。ナタリー・ウィンのようなクリエイターの存在は、私たちに多様性と共感の大切さを教えてくれるものと言えるでしょう。,"Natalie Wynn is an American video creator who creates content that makes people think deeply about contemporary philosophical and social issues. She has influenced many people through her YouTube channel called ContraPoints. Natalie explains complex topics such as gender, politics, and culture in an easy-to-understand way with humor and visual aesthetics. Her videos are more than just educational. Natalie uses beautiful stage-like sets and unique costumes to make her videos look like a single work of art. She also shares her own transgender experience, providing courage and inspiration to many viewers. Of particular note is her approach to critical thinking. She not only advocates her own views, but also addresses opposing views and different perspectives, analyzes them, and emphasizes dialogue. This style has allowed Natalie to gain a following not only among those with leftist viewpoints, but also among viewers from a variety of backgrounds. However, she has also faced much criticism and attacks on the Internet. Nevertheless, Natalie believes in the importance of having her voice heard and continues to create. Her work offers new perspectives on social issues and serves to deepen the dialogue of contemporary society. The presence of creators like Natalie Wynn is a reminder to us all of the importance of diversity and empathy.",
鹿児島,Kagoshima,travel,B2,鹿児島市は、九州の南端に位置する美しい都市で、自然と歴史が豊富な観光地として知られています。この地域は、桜島という活火山で有名です。桜島は鹿児島湾にそびえ立ち、その壮大な景観は訪れる人々を魅了します。また、桜島は現在も活動を続けており、時折噴煙を上げる姿は自然の力を実感させてくれます。鹿児島は「西郷隆盛」の生誕地としても有名です。西郷隆盛は日本の明治維新を主導した重要な歴史的人物で、彼の功績を称えるために市内には銅像や資料館が設けられています。「西郷どん」の愛称で親しまれる彼の足跡をたどるのも、この地域の魅力の一つです。また、鹿児島は温泉地としても知られています。「指宿温泉（いぶすきおんせん）」はその代表的なスポットで、特に「砂むし温泉」が人気です。温かい砂の中に体を埋めてリラックスする独特な体験は、他の温泉地では味わえないものです。さらに、鹿児島の郷土料理も見逃せません。「黒豚のしゃぶしゃぶ」や「さつま揚げ」、さらに地元の焼酎など、美食家にもたまらない味覚が揃っています。特に、鹿児島の焼酎は全国的にも高い評価を受けており、多くの種類があります。歴史、自然、文化、美食を楽しめる鹿児島は、日本国内外の観光客にとって非常に魅力的な目的地です。この地を訪れることで、九州の南部ならではの魅力を存分に感じることができるでしょう。,"Kagoshima City is a beautiful city located at the southern tip of Kyushu, known as a tourist destination rich in nature and history. The area is famous for its active volcano, Sakurajima. Sakurajima towers over Kagoshima Bay and its spectacular scenery attracts visitors. Sakurajima is still active today, and its occasional plumes of smoke remind us of the power of nature. Kagoshima is also famous as the birthplace of Takamori Saigo. Saigo-Takamori was an important historical figure who led the Meiji Restoration of Japan, and there are statues and a museum in the city to commemorate his achievements. Following in the footsteps of Saigo-Don, as he was affectionately known, is one of the attractions of this area. Kagoshima is also known for its hot springs. Ibusuki Onsen is one of the most popular hot springs in Kagoshima, especially “Suna Mushi” (sand bath). The unique experience of burying your body in warm sand and relaxing is something you will not find in any other hot spring resort. In addition, Kagoshima's local cuisine is not to be missed. From Kurobuta shabu-shabu (black pig shabu-shabu) to satsuma-age (fried fish cakes) and local shochu (distilled spirit), there is something for every gourmand to enjoy. In particular, Kagoshima's shochu is highly acclaimed throughout the country, and there are many varieties available. With its history, nature, culture, and gastronomy, Kagoshima is a very attractive destination for tourists from Japan and abroad. A visit here will allow you to experience the unique charms of southern Kyushu.",
大阪,Osaka,travel,B2,大阪は、日本の関西地方にある活気あふれる都市で、「食い倒れの街」として知られています。この名前の通り、大阪は美味しい料理がたくさんあるグルメの中心地です。また、歴史や文化、エンターテインメントも楽しめる多彩な魅力を持っています。まず、大阪のシンボルとも言えるのが「大阪城」です。このお城は16世紀末に豊臣秀吉によって築かれ、壮大な天守閣が印象的です。現在は公園内に博物館があり、歴史に触れることができます。春には桜が満開になり、多くの観光客が訪れます。さらに、大阪にはユニークな観光地がたくさんあります。例えば、「道頓堀」は大阪を代表する繁華街で、巨大なネオンサインや派手な看板が並び、夜になるとさらに賑やかになります。有名な「グリコの看板」の前で写真を撮るのは観光客にとっての定番です。また、「通天閣」がそびえる新世界エリアは、大阪のレトロな雰囲気を味わえる場所です。大阪のグルメと言えば、「たこ焼き」や「お好み焼き」が有名ですが、他にも「串カツ」や「うどん」などの美味しい料理が揃っています。大阪では食事を気軽に楽しめる屋台や居酒屋が多く、どこに行っても美味しい料理を味わえます。エンターテインメントの面でも大阪は魅力的です。特に「ユニバーサル・スタジオ・ジャパン（USJ）」は家族連れや若者に大人気のテーマパークで、国内外から多くの人々が訪れます。また、大阪はお笑いの文化でも有名で、吉本興業が運営する「なんばグランド花月」では本場のお笑いライブを楽しむことができます。大阪は、伝統と現代が融合したエネルギッシュな都市です。食べ物や観光だけでなく、地元の人々の親しみやすい性格も魅力の一つです。一度訪れると、大阪の明るく楽しい雰囲気に引き込まれることでしょう。,"Osaka is a vibrant city in the Kansai region of Japan, known as the city of gourmets. True to its name, Osaka is a gourmet center with an abundance of delicious cuisine. It also offers a diverse array of historical, cultural, and entertainment attractions. First of all, Osaka Castle is the symbol of Osaka. This castle was built by Toyotomi Hideyoshi at the end of the 16th century, and its magnificent keep is impressive. Today, there is a museum in the park, where visitors can experience the history of the castle. In spring, the cherry blossoms are in full bloom, attracting many tourists. Furthermore, Osaka has many unique tourist attractions. For example, “Dotonbori” is Osaka's representative downtown area, lined with huge neon signs and flashy billboards, which becomes even more lively at night. Taking a picture in front of the famous “Glico sign” is a staple for tourists. The Shinsekai area, with its towering Tsutenkaku Tower, is another place where visitors can enjoy the retro atmosphere of Osaka. Osaka is famous for its gourmet food such as “takoyaki” and “okonomiyaki,” but other delicious dishes such as “kushikatsu” and “udon” are also available. In Osaka, there are many yatai (food stalls) and izakaya (Japanese style pubs) where you can easily enjoy a meal, and you can taste delicious food wherever you go. Osaka is also attractive in terms of entertainment. Universal Studios Japan (USJ),” in particular, is a very popular theme park for families and young people, attracting many visitors from Japan and abroad. Osaka is also famous for its comedy culture, and at Namba Grand Kagetsu, operated by Yoshimoto Kogyo, visitors can enjoy authentic live comedy performances. Osaka is an energetic city where tradition and modernity merge. In addition to food and sightseeing, the friendly nature of the local people is another attraction. Once you visit, you will be drawn in by Osaka's cheerful and fun atmosphere.",
ジークムント・フロイト,Sigmund Freud,biography,B2,ジークムント・フロイトは、オーストリア出身の精神分析学者であり、現代心理学の基礎を築いた人物として知られています。彼は精神分析の創始者であり、人間の無意識や夢、精神構造に関する画期的な理論を提唱しました。フロイトの主な業績の一つは、心の構造を「イド（id）」「自我（ego）」「超自我（superego）」という三つの要素で説明したことです。イドは本能的な欲求や衝動を表し、自我は現実に適応しながらイドをコントロールする役割を持ちます。そして、超自我は道徳的な判断や社会的規範に基づく部分です。この理論により、フロイトは人間の行動や心理的問題を深く分析することが可能になりました。また、フロイトは夢の解釈にも注目し、著書『夢判断』で夢が無意識の欲求や恐怖、葛藤を表すと主張しました。彼は、夢を分析することで心の奥底に潜む問題を理解し解決できると考えました。彼の理論は賛否両論を巻き起こし、多くの批判を受けましたが、心理学、文学、哲学などさまざまな分野に大きな影響を与えました。フロイトの考え方は今日でも多くの研究や議論の対象となっており、彼が提唱したアイデアは現代社会でも重要な意義を持ち続けています。ジークムント・フロイトの業績は、心理学の歴史において重要な一歩を示すものであり、人間の心を理解するための新たな視点を提供しました。,"Sigmund Freud was an Austrian-born psychoanalyst who is credited with laying the foundation for modern psychology. He was the founder of psychoanalysis and proposed groundbreaking theories about the human unconscious, dreams, and mental structure. One of Freud's main achievements was to explain the structure of the mind in terms of three elements: the id, the ego, and the superego. The id represents instinctive desires and impulses, while the ego has the role of controlling the id while adapting to reality. And the superego is the part based on moral judgments and social norms. This theory enabled Freud to analyze human behavior and psychological problems in depth. Freud also focused on the interpretation of dreams, arguing in his book “The Interpretation of Dreams” that dreams represent unconscious desires, fears, and conflicts. He believed that by analyzing dreams, one could understand and solve deep-seated problems. Although his theories were controversial and received much criticism, they had a great impact on various fields of psychology, literature, and philosophy. Freud's ideas are still the subject of much research and debate today, and the ideas he advocated continue to have important significance in modern society. Sigmund Freud's work represents an important step forward in the history of psychology, providing a new perspective for understanding the human mind.",
普通の人生の重み,The Weight of Ordinary Lives,dialogue,C1,二人の同僚が仕事終わりに公園のベンチに座って話していました。秋の夕方で、赤く染まった空が徐々に暗くなり、涼しい風が吹いていました。一人が缶コーヒーを手にして口を開きました。最近、どう思う？仕事のこともだけど、このまま俺たち、このペースでいいのかなって。なんか、大きな目標とか、夢とか、持ってたっけ？もう一人はしばらく黙って考え込んでから答えました。夢か…正直、昔は色々あったよ。映画を作りたいとか、本を書きたいとか。でも今は、目の前のタスクをこなすのに必死で、そんなこと考える余裕もないな。君は？俺？うーん、俺も同じかも。大学生の頃は「自分の名前を残したい」なんて思ってたけど、社会に出たら、その考えがいかに抽象的で現実離れしてるかに気づかされたよ。でもさ、このまま「何も特別じゃない」人生を送るのも、ちょっと怖いと思わない？そうだな。普通に暮らして、普通に働いて、普通に老いる。それが悪いことだとは思わないけど、たまに、これでいいのかって不安になる。人生って結局、自分で納得できるかどうかじゃないかな。自分の価値観を他人と比べすぎるから苦しくなるんじゃない？君の言う通りかもしれない。でも、納得できる人生って、どうやって作るんだろうな。たとえばさ、もし明日仕事を辞めるとしたら、君は何をする？辞める？それは極端だな。でも…もしそうなったら、バックパック一つ持って旅に出るかもな。アジアを回って、現地の人たちと話して、どんな暮らしをしているのか知りたい。世界って広いから、今いる場所が全てじゃないって感じたいんだ。いいな、それ。俺もそんなふうに自由になれたらいいな。でも現実は…ほら、ローンもあるし、家族の期待もあるし。簡単には動けないよな。そうだな。自由って、ある程度の制約があって初めて価値があるのかもしれない。でも、だからって自分を縛りすぎるのもどうかと思う。たまには立ち止まって、「今の自分はどうなんだ？」って問い直す時間が必要だと思うよ。夕日が完全に沈み、街灯がぼんやりと光り始めた。二人はしばらく言葉を交わさず、遠くで遊んでいる子どもたちの声を聞いていた。そして一人が静かに言った。なんだか、少しだけ気が楽になったよ。ありがとう。こういう話、もっとしていきたいな。そうだな。お互い、答えが見つかるまで焦らずにやっていこうぜ。二人は立ち上がり、ゆっくりと駅の方向へ歩き出した。,"Two colleagues were sitting on a park bench talking after work. It was an autumn evening, the reddish sky was gradually darkening, and a cool breeze was blowing. One of them grabbed a can of coffee and opened his mouth. What do you think of us lately? I'm wondering if it's okay for us to continue at this pace, in addition to work. Do you have any big goals or dreams? The other man remained silent and thoughtful for a while before answering, “Dreams...to be honest. Dreams...to be honest, I had a lot of dreams in the past. I wanted to make a movie or write a book. But now I'm so busy with the tasks at hand that I don't have time to think about them. What about you? Me? Hmmm, maybe it's the same for me. When I was a university student, I thought “I want to leave my name behind,” but once I entered the workforce, I realized how abstract and unrealistic that idea was. But, don't you think it's a little scary to continue to live a “nothing special” life? Yes, I do. Live a normal life, work a normal job, age a normal life. I don't think that's a bad thing, but sometimes I wonder if it's enough. In the end, life is about whether or not you are satisfied with yourself. I think you become bitter because you compare your values too much with others. You may be right. But how do you create a life that you are satisfied with? For example, if you were to quit your job tomorrow, what would you do? Quit? That's extreme. But...if I did, I might take a backpack and go on a trip. I would travel around Asia, talk to the locals, and see how they live. The world is a big place, and I want to feel that where I am now is not all there is. I like that. I wish I could be free like that. But the reality is... you know, I have a mortgage and family expectations. It's not easy to move. You're right. Freedom may be valuable only when there are certain restrictions. But that doesn't mean you should tie yourself down too much. I think it's necessary to take time to ask yourself: How am I now? The sun set completely, and the streetlights began to glow dimly. The two men did not speak for a while, listening to the voices of children playing in the distance. Then one of them said quietly. I feel a little better now. Thank you. I'd like to talk more about this kind of thing. I agree. Let's not be in a hurry until we find the answer. They got up and walked slowly in the direction of the station.",
たこ焼き,Takoyaki,food,C1,たこ焼きは、日本を代表する庶民的な料理であり、特に関西地方、特に大阪の名物として知られています。その名前が示す通り、たこと小麦粉を使用した一口サイズの丸い料理ですが、その魅力は単なる「おやつ」の域を超え、文化的な象徴として広く愛されています。たこ焼きの起源は、1935年に大阪で生まれたと言われています。創始者は「会津屋」という店の初代店主、遠藤留吉氏で、彼がフランス料理の影響を受けた「ラヂオ焼き」という料理を元に、たこを入れた新しい形の料理を考案したのが始まりです。当時はまだソースがかかっておらず、醤油で味付けされていましたが、次第にソースやマヨネーズ、青のり、かつお節といったトッピングが加わり、現在の形に発展しました。たこ焼きは、外はカリッと、中はトロリとした食感が特徴で、この独特のコントラストが多くの人々を魅了しています。生地には小麦粉をベースにしたダシが練り込まれ、焼く際に鉄板の球状の穴に流し込むことで、独特の丸い形が作られます。熟練した職人が竹串を使って器用に回転させながら焼き上げる光景は、たこ焼き屋台ならではの風物詩とも言えるでしょう。現在では、日本国内のみならず、海外でもたこ焼きは人気を博しています。特に、アジアや北米を中心にたこ焼き専門店が増え、イベントやフェスティバルで見かけることも多くなりました。その人気の背景には、日本独自の「屋台文化」と、シンプルながら奥深い味わいがあると言えます。また、たこ焼きは家庭でも簡単に作れる料理として親しまれています。たこ焼き器があれば、家族や友人と一緒に焼く「たこパ」（たこ焼きパーティー）が一つの楽しみ方として定着しています。このように、たこ焼きは食べ物としてだけでなく、人々を繋げるコミュニケーションのツールとしても重要な役割を果たしています。たこ焼きの存在は、大阪のアイデンティティを象徴するものと言えるだけでなく、日本の食文化の多様性と楽しさを示す象徴的な例です。シンプルでありながら、無限の可能性を秘めたたこ焼きは、これからも多くの人々に愛され続けることでしょう。,"Takoyaki is one of Japan's most popular and popular dishes, and is especially well known in the Kansai region, especially in Osaka. As its name suggests, it is a round, bite-sized dish made of octopus and flour, but its appeal goes beyond a mere “snack” and is widely loved as a cultural symbol. Takoyaki is said to have originated in Osaka in 1935. The founder was Tomekichi Endo, the first owner of a restaurant called “Aizuya,” who invented a new form of the dish with octopus in it based on a French-inspired dish called “rajioyaki. At the time, there was still no sauce and the dish was seasoned with soy sauce, but toppings such as sauce, mayonnaise, aonori (green laver), and bonito flakes were gradually added, and the dish developed into its current form. Takoyaki is characterized by its crispy outside and tender inside, and this unique contrast attracts many people. The dough is kneaded with a flour-based broth, which is poured into the spherical holes of the griddle during grilling to create the unique round shape. The sight of skilled cooks dexterously spinning and grilling the dough with bamboo skewers is a unique tradition of takoyaki food stalls. Today, takoyaki is popular not only in Japan but also overseas. In particular, the number of restaurants specializing in takoyaki has increased, especially in Asia and North America, and takoyaki can be seen at events and festivals more often than not. The popularity of takoyaki can be attributed to Japan's unique “yatai culture” and its simple yet profound flavor. Takoyaki is also popular as a dish that can be easily prepared at home. If you have a takoyaki cooker, “takopa” (takoyaki party) with family and friends is one way to enjoy takoyaki. In this way, takoyaki plays an important role not only as a food, but also as a communication tool that brings people together. The existence of takoyaki is not only a symbol of Osaka's identity, but also a symbolic example of the diversity and enjoyment of Japanese food culture. Takoyaki, with its simplicity and limitless possibilities, will continue to be loved by many for years to come.",
不気味の谷,The Uncanny Valley,psychology,C1,「不気味の谷」という概念は、ロボット工学者の森政弘が1970年に提唱した理論です。この理論は、人間に非常に似ているが完全に同一ではないロボットやキャラクターに対して、人々が不快感や嫌悪感を抱く現象を説明するものです。「谷」とは、ロボットやキャラクターが人間に似るにつれて親しみが増す一方で、一定の段階に達するとその親しみが急激に減少し、不快感に変わる様子を指します。その後、さらに人間らしさが増すことで親しみが回復するというパターンが観察されます。この現象の原因についてはさまざまな仮説があります。一つの説は、微妙な違和感が人間の本能的な防衛反応を引き起こすというものです。たとえば、表情や動きが人間らしいにもかかわらず、どこかぎこちなかったり不自然だったりすることで、視覚的な矛盾が発生します。この矛盾は脳に混乱をもたらし、不快感を引き起こします。「不気味の谷」は、エンターテインメント業界や人工知能の研究において重要な議論を巻き起こしています。たとえば、映画やゲームに登場するCGキャラクターが不気味に感じられるかどうかは、その作品の成功に大きく影響を与える可能性があります。同様に、ヒューマノイドロボットのデザインにおいても、この現象を考慮することは避けられません。研究者たちは、不気味の谷を回避するために、キャラクターやロボットのデザインをあえて人間から少し離れたスタイルにする場合もあります。さらに哲学的な視点から見ると、「不気味の谷」は人間のアイデンティティや存在についての根源的な問いを提起します。我々は、何をもって「人間らしい」と感じるのか。そして、それが曖昧になる瞬間、我々はなぜ不安を覚えるのか。この現象を理解することは、単にテクノロジーの進化だけでなく、人間そのものをより深く理解する手がかりになると言えるでしょう。,"The concept of the “uncanny valley” is a theory proposed by robotics engineer Masahiro Mori in 1970. This theory explains the phenomenon of people's discomfort and dislike toward robots and characters that are very similar to humans but not exactly identical. The “valley” refers to how familiarity with a robot or character increases as it becomes more like a human, but how this familiarity rapidly diminishes and turns to discomfort when a certain stage is reached. Thereafter, a pattern is observed in which familiarity is restored as the character becomes more human-like. There are various hypotheses as to the cause of this phenomenon. One theory is that subtle discomfort triggers an instinctive defense response in humans. For example, a visual inconsistency occurs when facial expressions and movements are somewhat awkward or unnatural, even though they are human-like. This inconsistency confuses the brain and causes discomfort. The “uncanny valley” has generated significant debate in the entertainment industry and in artificial intelligence research. For example, whether or not a CG character in a movie or game is perceived as creepy can have a significant impact on its success. Similarly, it is inevitable to consider this phenomenon in the design of humanoid robots. Researchers sometimes dare to design characters and robots in a style slightly removed from humans in order to avoid the uncanny valley. From a more philosophical perspective, the uncanny valley raises fundamental questions about human identity and existence. What makes us feel “human”? And why do we feel uneasy the moment it becomes ambiguous? Understanding this phenomenon will provide clues not only to the evolution of technology, but also to a deeper understanding of human beings themselves.",
ハンナ・アーレント,Hannah Arendt,biography,C1,ハンナ・アーレントは、ドイツ生まれの政治哲学者であり、20世紀の思想に多大な影響を与えた人物です。彼女の研究は権力、全体主義、そして公共領域における人間の行動に焦点を当てています。アーレントはナチス政権の迫害を受けてアメリカへ亡命し、その後も一貫して人間の自由と政治的行為の意味について深く考察しました。彼女の代表的な著作『全体主義の起源』では、20世紀におけるナチズムとスターリニズムのような全体主義体制の構造と歴史的背景を分析しました。アーレントは、全体主義が孤立した個人を利用して権力を維持する仕組みを暴き出し、人間性と自由を守るためには公共領域での対話が不可欠であると主張しました。また、彼女のもう一つの重要な著作『人間の条件』では、人間の活動を「労働」「仕事」「行為」という三つのカテゴリーに分類し、とりわけ「行為」が他者との関係を通じて新たな現実を創造する能力を持つ点を強調しました。アーレントにとって、自由とは公共空間で他者とともに行為することにほかなりませんでした。さらに、アーレントはアイヒマン裁判を取材し、『イェルサレムのアイヒマン―悪の陳腐さについての報告』を執筆しました。この中で彼女は、「悪の陳腐さ」という概念を提唱し、個人が深く考えることなく体制に従うことで恐ろしい行為が可能になることを指摘しました。この議論は大きな論争を引き起こし、現在も倫理や責任についての議論において重要なテーマとなっています。ハンナ・アーレントの思想は、単なる学問的な枠を超え、現代の政治や社会問題を考える上で貴重な視座を提供しています。彼女の理論は、人間の尊厳や自由の本質を問い直すための道筋を示しており、時代を超えて多くの人々に影響を与え続けています。,"Hannah Arendt was a German-born political philosopher who has had a profound influence on 20th century thought. Her work focused on power, totalitarianism, and human behavior in the public sphere. Arendt defected to the United States following the persecution of the Nazi regime and consistently reflected deeply on the meaning of human freedom and political action. In her seminal work, The Origins of Totalitarianism, she analyzed the structure and historical background of totalitarian regimes such as Nazism and Stalinism in the 20th century. Arendt exposed how totalitarianism uses isolated individuals to maintain power and argued that dialogue in the public sphere is essential to protect humanity and freedom. In her other important work, The Human Condition, she divided human activity into three categories: work, work, and action, emphasizing in particular the ability of action to create new realities through relationships with others. For Arendt, freedom was nothing other than to act with others in public space. In addition, Arendt covered the Eichmann trial and wrote “Eichmann in Jerusalem: A Report on the Banality of Evil”. In it, she proposed the concept of the “banality of evil” and pointed out that individuals could commit terrible acts by following the regime without thinking deeply. This argument caused great controversy and remains an important theme in discussions of ethics and responsibility today. Hannah Arendt's ideas go beyond mere scholarship and provide a valuable perspective on contemporary political and social issues. Her theories provide a roadmap for questioning the nature of human dignity and freedom, and they continue to influence many people throughout the ages.",
脳内ニューヨーク,"Synecdoche, New York",drama,C2,舞台演出家のケイデン・コタードは、ニューヨーク州スケネクタディに暮らし、日々の平凡な生活を送っていた。妻のアデルは画家であり、彼女の作品は小さく精巧だが、彼の目には彼女の存在が次第に遠く、理解できないものに感じられていく。二人の間には娘が一人いるが、家族の関係は冷え切り、やがてアデルはドイツへと旅立ち、戻らない。ケイデンは、自分の人生に何か意味を見いだしたいと願い、ある日、大きな芸術プロジェクトに取り組むことを決意する。それは、リアルな人生そのものを舞台に再現するという、かつてない野心的な試みだった。彼は巨大な倉庫を借り、そこにニューヨークそのものの複製を作り始める。役者たちはケイデンの人生を再現するよう指示され、彼自身を演じる役者すら登場する。物語が進むにつれ、舞台と現実の境界は曖昧になり、ケイデンの人生は複製されたものの中に吸い込まれていく。時間は容赦なく過ぎていき、彼のプロジェクトは完成するどころか、ますます複雑に絡み合う。ケイデンの身体は病にむしばまれ、心もまた、何が本物で何が演技なのかわからなくなるほど混乱していく。愛する人々は次々と彼のもとを去り、彼の目の前には広大な空虚だけが残る。だが、それでもケイデンは舞台を放棄しない。なぜなら、彼にとってこのプロジェクトは人生そのものだからだ。やがて彼は、自分自身の役を演じる役者にすら指示を与え、自分の存在を俯瞰しながら、観客のいない劇場で永遠に続く物語を作り続ける。彼の人生の終わりが近づく中で、彼はある重要な気づきを得る。それは、彼が追い求めてきた「意味」とは、結局は他者とのつながりや共感の中にこそあったということだ。最後に、ケイデンは舞台上で一人、終幕の瞬間を迎える。指示が聞こえる。「静かに、目を閉じて。」彼はそれに従い、ゆっくりと目を閉じる。すべてが終わり、同時に新たな何かが始まるような、静けさの中で幕が下りる。,"Caden Cotard, a stage director, lives in Schenectady, New York, and leads an ordinary, everyday life. His wife, Adele, is a painter, and although her work is small and exquisite, her presence in his eyes gradually feels distant and incomprehensible. They have one daughter together, but the family relationship grows cold, and eventually Adele leaves for Germany and never returns. Caden wishes to find some meaning in his life, and one day he decides to take on a major art project. It was an unprecedentedly ambitious attempt to recreate real life itself on stage. He rents a huge warehouse and begins to build a replica of New York City itself in it. Actors are instructed to recreate Caden's life, and even actors appear to play himself. As the story progresses, the boundary between stage and reality blurs, and Cayden's life is sucked into the replica. Time passes relentlessly, and his projects become increasingly intertwined rather than completed. Cayden's body is ravaged by illness, and his mind, too, becomes confused to the point where he no longer knows what is real and what is an act. One by one, his loved ones leave him, leaving him with nothing but a vast emptiness. And yet, Caden does not abandon the stage, because for him, this project is life itself. For him, this project is life itself. Eventually, he even directs the actors who play his own roles, and with a bird's eye view of his own existence, he continues to create a story that will last forever in a theater without an audience. As the end of his life approaches, he comes to an important realization. That is, the “meaning” he has been pursuing is ultimately found in connection and empathy with others. Finally, Caden is alone on stage as the show comes to a close. He hears an instruction. “Be quiet and close your eyes.” He obeys and slowly closes his eyes. The curtain falls in silence, as if everything ends and something new begins at the same time.",
広島への原子爆弾投下,Atomic Bombing of Hiroshima,history,C2,1945年8月6日、広島市は人類史上初めての核攻撃を受けました。アメリカ軍が投下した原子爆弾「リトルボーイ」は、市の中心部から約600メートル上空で爆発し、その瞬間に膨大な熱と衝撃波、そして放射線を放出しました。この爆発による直撃とその後の火災により、広島市は壊滅的な被害を受け、約14万人以上が犠牲になったと推定されています。この数字には、その後数か月から数年にわたり放射線障害で命を落とした人々も含まれています。爆弾の威力は甚大で、直径2キロメートルに及ぶ範囲が完全に焼失しました。建物やインフラはもちろん、多くの市民が即死または重傷を負い、負傷者は圧倒的な数に達しました。また、生き延びた人々も放射線被ばくによる深刻な健康被害に苦しみました。「黒い雨」として知られる放射性物質を含んだ雨が降り注ぎ、それに触れた多くの人々が体調を崩し、がんや白血病といった後遺症に悩まされました。この原爆投下は、単なる軍事行動にとどまらず、戦争の倫理、核兵器の使用、そして人間の生存そのものに関する深い議論を引き起こしました。当時のアメリカ政府は、戦争を迅速に終結させ、多くの犠牲者を防ぐための決断だったと説明しましたが、一方で非戦闘員を含む多くの命が奪われたことに対する非難も根強く存在します。また、被爆者（いわゆる「ヒバクシャ」）たちは、長年にわたり差別や偏見に苦しむこともありました。戦後、広島は「平和都市」として復興への道を歩み始めました。被爆からわずか3年後の1949年には「広島平和記念都市建設法」が制定され、市は核兵器廃絶と平和を訴えるシンボルとしての役割を担うことになりました。1955年に設立された広島平和記念資料館や原爆ドームは、今日も世界中から訪れる人々に戦争の悲惨さと平和の重要性を訴え続けています。広島への原爆投下は、単に一つの都市が被った破壊というだけでなく、人類全体が負うべき責任と教訓を内包しています。核兵器の非人道性を痛感した広島の経験は、世界中での核兵器廃絶運動の原動力となり、また戦争の本質を見つめ直すきっかけを提供しています。今日、核兵器の脅威が再び高まる中、広島の歴史はこれまで以上に重要な意味を持つと言えるでしょう。,"On August 6, 1945, the city of Hiroshima suffered the first nuclear attack in human history. The atomic bomb “Little Boy” dropped by the US military exploded about 600 meters above the center of the city, releasing an enormous amount of heat, shock waves, and radiation at that instant. The direct hit from this explosion and the fire that followed devastated the city of Hiroshima, killing an estimated 140,000 people or more. This number includes those who lost their lives to radiation poisoning in the months and years that followed. The bombs were so powerful that they completely destroyed an area two kilometers in diameter. Many civilians were killed instantly or seriously injured, not to mention buildings and infrastructure, and the number of injured was overwhelming. Those who survived also suffered serious health problems due to radiation exposure. The radioactive rain, known as “black rain,” fell on many people who came into contact with it, and many became ill and suffered from the aftereffects, such as cancer and leukemia. The atomic bombing was more than a military action; it provoked a profound debate about the ethics of war, the use of nuclear weapons, and human survival itself. Although the US government at the time explained that the decision was made to bring the war to a swift end and prevent further casualties, there is still deep-seated condemnation of the loss of life, including that of noncombatants. Hibakusha (so-called “hibakusha”) survivors also suffered discrimination and prejudice for many years. After the war, Hiroshima began its path to recovery as a “City of Peace”. In 1949, only three years after the bombing, the “Hiroshima Peace Memorial City Construction Law” was enacted, and the city assumed the role of a symbol for the abolition of nuclear weapons and for peace. The Hiroshima Peace Memorial Museum and the Atomic Bomb Dome, established in 1955, continue to appeal to visitors from around the world today about the tragedy of war and the importance of peace. The atomic bombing of Hiroshima was not just about the destruction suffered by one city, but also about the responsibility and lessons to be learned by all humankind. The experience of Hiroshima, which made us acutely aware of the inhumanity of nuclear weapons, has provided the impetus for the worldwide movement to abolish nuclear weapons and has also provided an opportunity to reconsider the nature of war. Today, with the threat of nuclear weapons once again on the rise, the history of Hiroshima is more relevant than ever.",
杉原千畝,Chiune Sugihara,biography,C2,"杉原千畝は、日本が誇る外交官であり、「日本のシンドラー」として知られています。彼は第二次世界大戦中、ナチスの迫害から逃れようとする多くのユダヤ人に命のビザを発給したことで、その名を歴史に刻みました。その行動は、当時の日本政府の方針に逆らうものでありながら、彼の信念と人道的な価値観に基づいて行われました。杉原は岐阜県に生まれ、早くから外国語や異文化に興味を持ち、外交官を志しました。彼はロシア語を得意とし、外交官として満洲やヨーロッパで活躍しました。その後、リトアニアのカウナスに日本領事館副領事として赴任します。ちょうどその頃、ナチスによるユダヤ人迫害が激化し、ヨーロッパ各地から多くのユダヤ人が逃げ場を求めてカウナスに集まりました。1940年、彼らの中には日本を通過して第三国へ逃れるためのビザを求める人々が大勢いました。杉原は日本政府に指示を仰ぎましたが、政府はビザの発給を許可しませんでした。それでも杉原は「人道のため」という信念を貫き、独自の判断でビザを発給することを決断しました。彼は昼夜を問わずビザを書き続け、数千枚もの「命のビザ」を手渡しました。その数は約6,000人分とも言われています。戦後、杉原は外交官の職を離れ、苦難の中で生活を送りましたが、自分の行動について後悔することはありませんでした。彼は人命を救うために行動したという誇りを持ち続けました。その後、彼の行動は徐々に国際的に評価され、1985年にはイスラエル政府から「諸国民の中の正義の人」に認定されました。杉原千畝の物語は、個人がどれほどの困難な状況に置かれても、人間としての正しさを貫くことができるという強いメッセージを私たちに示しています。その行動は、今日でも多くの人々に勇気と希望を与え続けています。","Sempo Sugihara is Japan's proud diplomat and is known as the “Schindler of Japan”. He made history during World War II by issuing life visas to many Jews trying to escape Nazi persecution. His actions went against the policies of the Japanese government of the time, but were based on his convictions and humanitarian values. Sugihara was born in Gifu Prefecture and early on developed an interest in foreign languages and cultures and aspired to become a diplomat. He was fluent in Russian and served as a diplomat in Manchuria and Europe. Later, he was posted to Kaunas, Lithuania, as Vice Consul of the Japanese Consulate. In 1940, many Jews from all over Europe were seeking visas to flee to third countries through Japan, as the Nazi persecution of Jews intensified. Sugihara asked the Japanese government for instructions, but they refused to issue visas. Nevertheless, Sugihara held fast to his conviction that it was for the sake of humanity, and decided on his own initiative to issue the visas. He worked day and night writing visas and handed over thousands of “visas for life”. It is said that the number of visas was for approximately 6,000 people. After the war, Sugihara left the diplomatic service and lived a life of hardship, but he never regretted his actions. He remained proud that he had acted to save lives. Gradually, his actions gained international recognition, and in 1985, he was recognized by the Israeli government as a “Righteous Among the Nations”. The story of Sempo Sugihara sends us a strong message that no matter how difficult an individual's situation may be, he or she can remain righteous as a human being. His actions continue to inspire courage and hope in many people today.",
ソクラテスの哲学,Socratic Philosophy,philosophy,C2,ソクラテスは、古代ギリシャの哲学者であり、西洋哲学の基礎を築いた人物として知られています。彼の思想と方法論は、その後の哲学の発展に多大な影響を与えましたが、彼自身は著作を残さなかったため、主に弟子であるプラトンの著作を通じてその哲学が伝えられています。ソクラテスの哲学の核心は、「無知の知」という概念に集約されます。彼は人間が自らの無知を認識することの重要性を説きました。ソクラテスはしばしば「自分が何も知らないことを知っている」と述べ、知識への探求を永遠に未完のものと捉えました。この姿勢は、当時の知識人たちの傲慢さを批判するものであり、同時に人間の知的謙虚さを強調するものでした。また、ソクラテスは「問答法（ディアレクティケー）」を用いて哲学的対話を進めました。この方法は、対話を通じて相手の矛盾を引き出し、より深い真理に迫るためのものです。彼は決して自分の知識や意見を押し付けるのではなく、相手自身に考えさせることで理解を促しました。この「産婆術」とも呼ばれる方法論は、単なる議論の技術ではなく、魂の成長と倫理的な自己省察を目的としたものでした。倫理において、ソクラテスは「徳（アレテー）」が人間の幸福にとって不可欠であると考えました。彼にとって、善悪の判断は知識に基づくものであり、真の知識を持つ者は悪を行わないと主張しました。この考え方は、徳を知識と同一視する「知徳合一」の概念として知られています。ソクラテスはこれを基にして、自己の魂を正しく導くためには、他者との対話を通じて倫理的真理を探求することが必要であると説きました。しかし、ソクラテスの哲学は当時のアテネ社会において反発を招きました。若者を堕落させ、国家の神々を否定したとされる彼は告発され、死刑を宣告されます。それでも彼は、自らの信念を曲げることなく毒杯を仰ぎ、その死をもって哲学者としての一貫性を示しました。この姿勢は後の哲学者たちに多大な影響を与え、彼の思想は永遠に語り継がれることとなりました。ソクラテスの哲学は、単なる知識の追求ではなく、人間としてどう生きるべきかという根源的な問いを投げかけるものであり、現代においてもその普遍的な価値を失っていません。彼の問いかける精神は、哲学を生きた実践として考えることの意義を私たちに示してくれます。,"Socrates was an ancient Greek philosopher and is known as the man who laid the foundation of Western philosophy. His ideas and methodology had a profound influence on the subsequent development of philosophy, but since he himself did not leave any writings, his philosophy has been transmitted mainly through the works of his disciple Plato. The core of Socrates' philosophy is summed up in the concept of “knowledge of ignorance. He taught the importance of man's awareness of his own ignorance. Socrates often stated that “I know that I know nothing,” and he viewed the quest for knowledge as eternally unfinished. This attitude was a criticism of the arrogance of the intellectuals of his time, while at the same time emphasizing the intellectual humility of human beings. Socrates also promoted philosophical dialogue by using the “method of questioning (diarectikē). This method is designed to draw out contradictions in the other person through dialogue in order to get at deeper truths. He never imposed his own knowledge or opinion, but encouraged understanding by letting the other person think for himself. This methodology, also known as “birthing technique,” was not merely a debating technique, but was intended for the growth of the soul and ethical self-reflection. In ethics, Socrates considered “virtue” (aletheia) to be essential to human happiness. For him, the judgment of right and wrong was based on knowledge, and he argued that those with true knowledge would not do evil. This idea is known as the concept of “knowledge and virtue unification,” which equates virtue with knowledge. On this basis, Socrates taught that in order to guide one's own soul properly, it is necessary to search for ethical truths through dialogue with others. However, Socrates' philosophy caused a backlash in Athenian society at the time. He was accused of corrupting the youth and denying the gods of the state, and was sentenced to death. Nevertheless, he never wavered in his convictions and demonstrated his consistency as a philosopher with his death. This stance had a profound influence on later philosophers, and his ideas will be passed down forever. Socrates' philosophy is not merely a pursuit of knowledge, but asks fundamental questions about how we should live as human beings, and has not lost its universal value even today. His spirit of inquiry shows us the significance of considering philosophy as a living practice.",
氷と炎の歌,A Song of Ice and Fire,fantasy,B2,これは七王国と呼ばれる広大な土地で繰り広げられる、権力と裏切り、愛と復讐の壮大な物語です。この世界では、王座を巡る争いが絶えず、各地の貴族たちが自らの野心や信念のために戦い続けています。そして、そこに絡む運命の糸は、想像を超えるほど複雑で、深く絡み合っています。物語は、北方に位置するスターク家から始まります。エダード・スターク、通称「ネッド」はウィンターフェルの領主であり、誠実で名誉を重んじる男です。ある日、親友であり七王国の王であるロバート・バラシオンから「王の手」として仕えるように求められ、ネッドは渋々ながら家族を連れて南の首都キングズランディングへ向かいます。だがそこは、陰謀と裏切りが渦巻く危険な場所でした。王妃サーセイ・ラニスターとその一族は権力を維持するため、裏でさまざまな策略を巡らせています。ネッドはその秘密を探ろうとしますが、それが悲劇の始まりとなります。一方、物語は七王国の外へも広がります。東方の大陸エッソスでは、追放されたターガリエン家の最後の生き残りであるデナーリスが、自らの王朝を取り戻すための旅を始めます。初めは無力だった彼女ですが、運命の中でドラゴンの母となり、次第に強大な力を持つようになります。その道のりは苦難に満ちていますが、彼女は不屈の意志で自分を試練に打ち勝たせていきます。さらに北方では、七王国を越えた「壁」と呼ばれる巨大な氷の障壁が存在し、その向こうには「異形」と呼ばれる恐るべき存在が眠っています。壁を守る「冥夜の守人」に属するネッドの私生児ジョン・スノウは、敵だけでなく自分自身の出自や役割と向き合いながら、暗闇に潜む脅威に立ち向かいます。物語の中では、忠誠心や家族愛、そして友情が試されます。だが、それ以上に描かれるのは、権力への執着や欲望がもたらす破壊です。それぞれのキャラクターが抱える夢と苦悩、そして選択が、次々と絡み合い、予測できない方向へ物語を動かします。,"This is an epic tale of power and treachery, love and revenge that unfolds in the vast land known as the Seven Kingdoms. In this world, there is a constant struggle for the throne, with nobles from all over fighting for their own ambitions and beliefs. And the threads of destiny involved are more complex and deeply entwined than one can imagine. The story begins with the Stark family in the North. Eddard Stark, aka “Ned,” is the Lord of Winterfell, a man of integrity and honor. One day, when his good friend Robert Baratheon, King of the Seven Kingdoms, asks him to serve as “Hand of the King,” Ned reluctantly takes his family south to the capital of King's Landing. But it is a dangerous place, a place of intrigue and treachery. Queen Cersei Lannister and her family have many tricks up their sleeves to maintain their power. Ned attempts to discover their secrets, but this leads to tragedy. Meanwhile, the story extends beyond the Seven Kingdoms. On the eastern continent of Essos, Denalis, the last survivor of the exiled Targaryen family, begins her journey to reclaim her dynasty. Helpless at first, she becomes the mother of dragons in the course of her destiny and gradually grows into a powerful force. The path is full of hardships, but she overcomes her trials with an indomitable will. Further north, beyond the Seven Kingdoms, there exists a huge ice barrier called “The Wall,” behind which lies fearsome entities known as “The White Walkers”. Jon Snow, Ned's bastard son who belongs to the “Night's Watch” who protect the Wall, confronts the threats that lurk in the darkness while confronting not only his enemies but also his own origins and role. Loyalty, familial love, and friendship are tested in the story. But more than that, what is depicted is the destruction wrought by the obsession and lust for power. The dreams, anguish, and choices of each character intertwine one with the other, moving the story in unpredictable directions.",